"","sActivity","P","id"
"5-Fluorouracil + Afatinib",-0.311960836268302,0.291152156862745,NA
"5-Fluorouracil + Alisertib",-0.149516511567594,0.40490431372549,NA
"5-Fluorouracil + Alpelisib",-0.12058108373224,0.498006274509804,NA
"5-Fluorouracil + Axitinib",-0.426660767091617,0.0266274509803922,NA
"5-Fluorouracil + AZD6482",-0.176368660589902,0.266834509803922,NA
"5-Fluorouracil + AZD7762",0.487358376978465,0.0345803921568627,NA
"5-Fluorouracil + AZD8055",-0.0497602653416716,0.805100392156863,NA
"5-Fluorouracil + BI-2536",-0.0045675153839998,0.985749019607843,NA
"5-Fluorouracil + Bortezomib",-0.0395663161263349,0.843312156862745,NA
"5-Fluorouracil + Camptothecin",-0.190356628016815,0.192291764705882,NA
"5-Fluorouracil + Cisplatin",0.0140289023534714,0.905127058823529,NA
"5-Fluorouracil + Crizotinib",-0.31421580613201,0.0510392156862745,NA
"5-Fluorouracil + Dabrafenib",0.0373287734985477,0.813509803921569,NA
"5-Fluorouracil + Docetaxel",-0.679882324961571,0.00705725490196078,NA
"5-Fluorouracil + Doramapimod",-0.0859401073193275,0.572886274509804,NA
"5-Fluorouracil + Entinostat",0.191551613969552,0.386929411764706,NA
"5-Fluorouracil + Gemcitabine",-0.236837794063557,0.164770196078431,NA
"5-Fluorouracil + GSK269962A",-0.249039054849135,0.226781176470588,NA
"5-Fluorouracil + JQ1",-0.305507687997086,0.0884925490196078,NA
"5-Fluorouracil + KU-55933",-0.0171606324990278,0.926701176470588,NA
"5-Fluorouracil + Lapatinib",-0.34593827489461,0.139667450980392,NA
"5-Fluorouracil + Linsitinib",-0.116801576841052,0.43454431372549,NA
"5-Fluorouracil + Luminespib",-0.13654900542401,0.542950588235294,NA
"5-Fluorouracil + MK-1775",-0.118301113050192,0.432205490196078,NA
"5-Fluorouracil + MK-2206",-0.52826593085344,0.0369294117647059,NA
"5-Fluorouracil + Navitoclax",0.0259535779399235,0.913177254901961,NA
"5-Fluorouracil + Nilotinib",-0.086387305467246,0.775948235294118,NA
"5-Fluorouracil + NU7441",-0.05516631085955,0.808850196078431,NA
"5-Fluorouracil + Nutlin-3a (-)",-0.150748740920977,0.171834509803922,NA
"5-Fluorouracil + Olaparib",-0.0696790757193088,0.637283137254902,NA
"5-Fluorouracil + OSI-027",-0.00420716341512169,0.980936470588235,NA
"5-Fluorouracil + Paclitaxel",-0.256396508472926,0.293507450980392,NA
"5-Fluorouracil + Palbociclib",0.00930492776536252,0.95908862745098,NA
"5-Fluorouracil + PD173074",-0.0717052883799838,0.667021960784314,NA
"5-Fluorouracil + PF-4708671",0.0624549332798647,0.738258039215686,NA
"5-Fluorouracil + Pictilisib",-0.393037044490253,0.0704305882352941,NA
"5-Fluorouracil + Ribociclib",-0.320059348041639,0.0290611764705882,NA
"5-Fluorouracil + RO-3306",-0.17726209408594,0.2008,NA
"5-Fluorouracil + Sapitinib",-0.108063160708404,0.517653333333333,NA
"5-Fluorouracil + SB216763",-0.0751326003760706,0.494102745098039,NA
"5-Fluorouracil + SCH772984",-0.313599584275044,0.0642007843137255,NA
"5-Fluorouracil + Sorafenib",-0.219252400508577,0.431417254901961,NA
"5-Fluorouracil + Taselisib",-0.310329979048401,0.247174117647059,NA
"5-Fluorouracil + Temozolomide",-0.02453915267623,0.768988235294118,NA
"5-Fluorouracil + Tozasertib",-0.0350254148230136,0.761896470588235,NA
"5-Fluorouracil + Trametinib",-0.0201308162959084,0.914760784313726,NA
"5-Fluorouracil + Uprosertib",-0.232637775040528,0.274846274509804,NA
"5-Fluorouracil + Venetoclax",0.121220002366032,0.47855137254902,NA
"5-Fluorouracil + Vorinostat",-0.082722904739831,0.748487843137255,NA
"5-Fluorouracil + Wee1 Inhibitor",0.0195687882063584,0.922674509803922,NA
"5-Fluorouracil + ZM447439",-0.320298183909364,0.106363921568627,NA
"Axitinib + 5-Fluorouracil",-0.000786220283065122,0.995117647058824,NA
"Axitinib + Afatinib",0.0692363851385602,0.800301176470588,NA
"Axitinib + Alisertib",0.10618452892129,0.553321568627451,NA
"Axitinib + Alpelisib",0.106777451460914,0.557872156862745,NA
"Axitinib + AZD6482",0.124654515759331,0.487918431372549,NA
"Axitinib + AZD7762",-0.206027925786578,0.243254117647059,NA
"Axitinib + AZD8055",-0.171035638044029,0.365846274509804,NA
"Axitinib + BI-2536",-0.143119525182463,0.536621960784314,NA
"Axitinib + Bortezomib",-0.0499620090152796,0.830737254901961,NA
"Axitinib + Camptothecin",0.0689964914623606,0.670202352941176,NA
"Axitinib + Cisplatin",0.0934250238800846,0.50495137254902,NA
"Axitinib + Crizotinib",-0.00777476352286395,0.959881568627451,NA
"Axitinib + Dabrafenib",0.112430714595209,0.383803137254902,NA
"Axitinib + Docetaxel",-0.837170899840047,0.00310117647058824,NA
"Axitinib + Doramapimod",0.139777258239837,0.463508235294118,NA
"Axitinib + Entinostat",-0.0610715854889515,0.719302745098039,NA
"Axitinib + Gemcitabine",-0.05791564131766,0.705276078431373,NA
"Axitinib + GSK269962A",0.17375494290702,0.368134117647059,NA
"Axitinib + JQ1",0.0193935255913125,0.894774117647059,NA
"Axitinib + KU-55933",0.0200746641840617,0.866683137254902,NA
"Axitinib + Lapatinib",-0.102493319978072,0.609516862745098,NA
"Axitinib + Linsitinib",0.153501940130738,0.316500392156863,NA
"Axitinib + Luminespib",-0.151199688920225,0.492545882352941,NA
"Axitinib + MK-1775",-0.072368371131914,0.657702745098039,NA
"Axitinib + MK-2206",-0.176516486244866,0.40004,NA
"Axitinib + Navitoclax",0.183922067732454,0.394700392156863,NA
"Axitinib + Nilotinib",0.204292250484216,0.473737254901961,NA
"Axitinib + NU7441",0.216345290573698,0.362785098039216,NA
"Axitinib + Nutlin-3a (-)",-0.00684269172061542,0.962915294117647,NA
"Axitinib + Olaparib",-0.0784800783100494,0.578301960784314,NA
"Axitinib + OSI-027",-0.100933212394601,0.508145882352941,NA
"Axitinib + Paclitaxel",-0.611931558898042,0.0125129411764706,NA
"Axitinib + Palbociclib",-0.0230898904793378,0.883050980392157,NA
"Axitinib + PD173074",-0.0208325134044398,0.880698823529412,NA
"Axitinib + PF-4708671",0.148377846149919,0.347152941176471,NA
"Axitinib + Pictilisib",-0.0965465551932546,0.606474509803922,NA
"Axitinib + Ribociclib",-0.125736620792661,0.533527843137255,NA
"Axitinib + RO-3306",-0.0875839803294119,0.580636862745098,NA
"Axitinib + Sapitinib",-0.151501523376738,0.354194509803922,NA
"Axitinib + SB216763",0.0818938068674399,0.602606274509804,NA
"Axitinib + SCH772984",0.00229465181260632,0.988076862745098,NA
"Axitinib + Sorafenib",0.174475735643408,0.504174901960784,NA
"Axitinib + Taselisib",-0.222515733913777,0.418983529411765,NA
"Axitinib + Temozolomide",0.0192426221939114,0.875213333333333,NA
"Axitinib + Tozasertib",0.132464144459454,0.46747137254902,NA
"Axitinib + Trametinib",-0.0560660360719696,0.717750588235294,NA
"Axitinib + Uprosertib",-0.00473555267790342,0.974562352941176,NA
"Axitinib + Venetoclax",0.0872205657667948,0.563381176470588,NA
"Axitinib + Vorinostat",-0.287646718955969,0.281774901960784,NA
"Axitinib + Wee1 Inhibitor",0.0628211413068331,0.753170196078431,NA
"Axitinib + ZM447439",-0.00387674112164591,0.983325490196078,NA
"AZD7762 + 5-Fluorouracil",0.597290044230463,0.045561568627451,NA
"AZD7762 + Afatinib",-0.0743180228214566,0.774417254901961,NA
"AZD7762 + Alisertib",0.147968991038019,0.468240784313726,NA
"AZD7762 + Alpelisib",-0.188646588623992,0.251804705882353,NA
"AZD7762 + Axitinib",-0.184273043486299,0.288868235294118,NA
"AZD7762 + AZD6482",-0.0534512171709371,0.750069019607843,NA
"AZD7762 + AZD8055",-0.3035236129433,0.135807843137255,NA
"AZD7762 + BI-2536",0.0293786426323428,0.910786666666667,NA
"AZD7762 + Bortezomib",-0.0685732978767118,0.779963137254902,NA
"AZD7762 + Camptothecin",0.35554659596204,0.132730980392157,NA
"AZD7762 + Cisplatin",0.495394497255387,0.0109898039215686,"AZD7762 + Cisplatin"
"AZD7762 + Crizotinib",-0.0708991408846857,0.654581176470588,NA
"AZD7762 + Dabrafenib",0.0619774939772482,0.611078431372549,NA
"AZD7762 + Docetaxel",-0.133070064797081,0.500292549019608,NA
"AZD7762 + Doramapimod",0.0616359280503538,0.735929411764706,NA
"AZD7762 + Entinostat",-0.0692315818725551,0.708427450980392,NA
"AZD7762 + Gemcitabine",0.218592050542606,0.40641568627451,NA
"AZD7762 + GSK269962A",-0.138000245744658,0.485611764705882,NA
"AZD7762 + JQ1",-0.16438421984189,0.344009411764706,NA
"AZD7762 + KU-55933",-0.0660469066264391,0.587676078431373,NA
"AZD7762 + Lapatinib",-0.346535037800909,0.163978039215686,NA
"AZD7762 + Linsitinib",0.00813962475956792,0.950418823529412,NA
"AZD7762 + Luminespib",-0.210632967129345,0.352629803921569,NA
"AZD7762 + MK-1775",0.117243791530748,0.552506666666667,NA
"AZD7762 + MK-2206",-0.469101440194291,0.0719701960784314,NA
"AZD7762 + Navitoclax",-0.0423860479990517,0.855010980392157,NA
"AZD7762 + Nilotinib",0.0158892619012146,0.947297254901961,NA
"AZD7762 + NU7441",0.0303950354834255,0.886958431372549,NA
"AZD7762 + Nutlin-3a (-)",-0.0954497696687692,0.456498039215686,NA
"AZD7762 + Olaparib",-0.0547321935539314,0.639636862745098,NA
"AZD7762 + OSI-027",-0.246412534972825,0.141283137254902,NA
"AZD7762 + Paclitaxel",-0.0417426640640629,0.825274509803922,NA
"AZD7762 + Palbociclib",-0.0663519231864178,0.667836078431373,NA
"AZD7762 + PD173074",-0.0976746672104552,0.482407058823529,NA
"AZD7762 + PF-4708671",-0.0520952868171302,0.688025882352941,NA
"AZD7762 + Pictilisib",-0.262930509203174,0.221985882352941,NA
"AZD7762 + Ribociclib",-0.171950518931563,0.307738039215686,NA
"AZD7762 + RO-3306",-0.0542567130195575,0.677167058823529,NA
"AZD7762 + Sapitinib",-0.37472011953427,0.0696533333333333,NA
"AZD7762 + SB216763",0.0299717188066838,0.772854901960784,NA
"AZD7762 + SCH772984",-0.0943859023896135,0.542188235294118,NA
"AZD7762 + Sorafenib",-0.0103620618206353,0.966037647058824,NA
"AZD7762 + Taselisib",-0.329547923165918,0.20931137254902,NA
"AZD7762 + Temozolomide",-0.0214395072592675,0.835381176470588,NA
"AZD7762 + Tozasertib",0.140223790381977,0.346352941176471,NA
"AZD7762 + Trametinib",-0.101898517111109,0.525477647058823,NA
"AZD7762 + Uprosertib",-0.264230518566777,0.142083137254902,NA
"AZD7762 + Venetoclax",0.00431197896853715,0.97,NA
"AZD7762 + Vorinostat",-0.132423963032628,0.604955294117647,NA
"AZD7762 + Wee1 Inhibitor",0.0997266176443354,0.634121568627451,NA
"AZD7762 + ZM447439",-0.103596906629095,0.592373333333333,NA
"Bortezomib + 5-Fluorouracil",-0.0617615531686155,0.70223137254902,NA
"Bortezomib + Afatinib",-0.0690238441030041,0.822924705882353,NA
"Bortezomib + Alisertib",-0.0204265911385748,0.910000784313725,NA
"Bortezomib + Alpelisib",-0.0636279744377817,0.680298823529412,NA
"Bortezomib + Axitinib",-0.0872256442998745,0.575218039215686,NA
"Bortezomib + AZD6482",0.07817545045922,0.634898823529412,NA
"Bortezomib + AZD7762",-0.303780998990657,0.0580007843137255,NA
"Bortezomib + AZD8055",-0.28986832567726,0.156945098039216,NA
"Bortezomib + BI-2536",-0.11715685045468,0.590801568627451,NA
"Bortezomib + Camptothecin",0.0629518059405583,0.691252549019608,NA
"Bortezomib + Cisplatin",0.0850317955092738,0.479312941176471,NA
"Bortezomib + Crizotinib",0.108628729508684,0.545363137254902,NA
"Bortezomib + Dabrafenib",0.0318045173163486,0.78936862745098,NA
"Bortezomib + Docetaxel",-0.355280537469113,0.0931654901960784,NA
"Bortezomib + Doramapimod",0.167320980541415,0.337749803921569,NA
"Bortezomib + Entinostat",-0.0257250442907178,0.894029803921569,NA
"Bortezomib + Gemcitabine",0.0247776933977545,0.868269803921569,NA
"Bortezomib + GSK269962A",-0.022619848794918,0.911558431372549,NA
"Bortezomib + JQ1",0.375765908096017,0.0735129411764706,NA
"Bortezomib + KU-55933",-0.201326314233669,0.0611019607843137,NA
"Bortezomib + Lapatinib",-0.0875856696489331,0.674852549019608,NA
"Bortezomib + Linsitinib",0.164601922127285,0.283303529411765,NA
"Bortezomib + Luminespib",-0.275044595180216,0.264436862745098,NA
"Bortezomib + MK-1775",-0.234157099279439,0.314086274509804,NA
"Bortezomib + MK-2206",-0.208260063127266,0.310949803921569,NA
"Bortezomib + Navitoclax",0.0705190463365996,0.771338039215686,NA
"Bortezomib + Nilotinib",-0.156330428500915,0.554084705882353,NA
"Bortezomib + NU7441",-0.00182982020197772,0.991981960784314,NA
"Bortezomib + Nutlin-3a (-)",-0.0124122191698414,0.924214117647059,NA
"Bortezomib + Olaparib",-0.187903685642461,0.0954407843137255,NA
"Bortezomib + OSI-027",-0.34675295751361,0.0541411764705882,NA
"Bortezomib + Paclitaxel",-0.17726602832737,0.362012549019608,NA
"Bortezomib + Palbociclib",-0.125562376578645,0.382244705882353,NA
"Bortezomib + PD173074",-0.303747789818787,0.0314203921568627,NA
"Bortezomib + PF-4708671",-0.23798033434599,0.101674509803922,NA
"Bortezomib + Pictilisib",-0.096199548452555,0.56814431372549,NA
"Bortezomib + Ribociclib",-0.105384587765952,0.497197647058824,NA
"Bortezomib + RO-3306",0.0668395876268561,0.653787450980392,NA
"Bortezomib + Sapitinib",-0.234414469216216,0.206943529411765,NA
"Bortezomib + SB216763",-0.00821417498500319,0.942466666666667,NA
"Bortezomib + SCH772984",0.0250439264196083,0.849555294117647,NA
"Bortezomib + Sorafenib",0.0284946866265124,0.909195294117647,NA
"Bortezomib + Taselisib",-0.100671758938773,0.666278431372549,NA
"Bortezomib + Temozolomide",0.0125174329096752,0.919523137254902,NA
"Bortezomib + Tozasertib",0.225849799427661,0.245593725490196,NA
"Bortezomib + Trametinib",-0.139797935139431,0.326741960784314,NA
"Bortezomib + Uprosertib",-0.102577128907297,0.560214117647059,NA
"Bortezomib + Venetoclax",-0.0531700331674369,0.590017254901961,NA
"Bortezomib + Vorinostat",-0.105535546141952,0.70064,NA
"Bortezomib + Wee1 Inhibitor",-0.266802611060146,0.210065882352941,NA
"Bortezomib + ZM447439",0.0327714657576022,0.846420392156863,NA
"Cisplatin + 5-Fluorouracil",-0.10519046299734,0.518458039215686,NA
"Cisplatin + Afatinib",-0.0661373377566942,0.770529411764706,NA
"Cisplatin + Alisertib",-0.263332542374195,0.0798250980392157,NA
"Cisplatin + Alpelisib",-0.312993689872107,0.124242352941176,NA
"Cisplatin + Axitinib",-0.162374881148351,0.322020392156863,NA
"Cisplatin + AZD6482",-0.110900504637142,0.455723921568627,NA
"Cisplatin + AZD7762",0.128361642793812,0.398469803921569,NA
"Cisplatin + AZD8055",-0.537569657017419,0.01328,NA
"Cisplatin + BI-2536",-0.415360391338065,0.115734901960784,NA
"Cisplatin + Bortezomib",-0.192030036437401,0.450253333333333,NA
"Cisplatin + Camptothecin",0.114724088741237,0.481653333333333,NA
"Cisplatin + Crizotinib",-0.100437238546968,0.523089411764706,NA
"Cisplatin + Dabrafenib",-0.100610171106199,0.393920784313726,NA
"Cisplatin + Docetaxel",-0.782491870384615,0.00466352941176471,NA
"Cisplatin + Doramapimod",0.101577675660895,0.554887843137255,NA
"Cisplatin + Entinostat",-0.198707715149273,0.333811764705882,NA
"Cisplatin + Gemcitabine",-0.017653580912612,0.918756862745098,NA
"Cisplatin + GSK269962A",-0.124821459501259,0.514517647058824,NA
"Cisplatin + JQ1",-0.0922012393368169,0.571330196078431,NA
"Cisplatin + KU-55933",-0.197443187386991,0.0618454901960784,NA
"Cisplatin + Lapatinib",-0.167187633313402,0.453372549019608,NA
"Cisplatin + Linsitinib",0.210294458311314,0.211683137254902,NA
"Cisplatin + Luminespib",-0.37820032842647,0.126560784313725,NA
"Cisplatin + MK-1775",-0.23119047213052,0.341636862745098,NA
"Cisplatin + MK-2206",-0.264069245495575,0.201590588235294,NA
"Cisplatin + Navitoclax",0.0611974117654085,0.80964862745098,NA
"Cisplatin + Nilotinib",-0.385014259072661,0.178018823529412,NA
"Cisplatin + NU7441",-0.188110600692888,0.439977254901961,NA
"Cisplatin + Nutlin-3a (-)",-0.00375676516441552,0.971555294117647,NA
"Cisplatin + Olaparib",-0.198895653894742,0.0649905882352941,NA
"Cisplatin + OSI-027",-0.331867730261595,0.0806156862745098,NA
"Cisplatin + Paclitaxel",-0.771478515923657,0.00545960784313726,NA
"Cisplatin + Palbociclib",-0.161615212594742,0.275629019607843,NA
"Cisplatin + PD173074",-0.265050669240753,0.0322125490196078,NA
"Cisplatin + PF-4708671",-0.17676494193342,0.242440784313725,NA
"Cisplatin + Pictilisib",-0.232309595317107,0.261206274509804,NA
"Cisplatin + Ribociclib",-0.215997605440995,0.179596862745098,NA
"Cisplatin + RO-3306",-0.0247571915336252,0.841718431372549,NA
"Cisplatin + Sapitinib",-0.428739757334728,0.0432243137254902,NA
"Cisplatin + SB216763",0.00862931861102859,0.937736470588235,NA
"Cisplatin + SCH772984",-0.113878033119667,0.449473725490196,NA
"Cisplatin + Sorafenib",-0.077353550764741,0.778350588235294,NA
"Cisplatin + Taselisib",-0.159140691781348,0.532746666666667,NA
"Cisplatin + Temozolomide",-0.0167496260526978,0.861974901960784,NA
"Cisplatin + Tozasertib",0.0474066916141154,0.740630588235294,NA
"Cisplatin + Trametinib",-0.160822956557505,0.221216470588235,NA
"Cisplatin + Uprosertib",-0.15840916761135,0.372007843137255,NA
"Cisplatin + Venetoclax",-0.109222725508881,0.220453333333333,NA
"Cisplatin + Vorinostat",-0.152085259629893,0.594752156862745,NA
"Cisplatin + Wee1 Inhibitor",-0.25997236828896,0.270022745098039,NA
"Cisplatin + ZM447439",-0.108723172183927,0.621476078431373,NA
"Crizotinib + 5-Fluorouracil",-0.00832383334004757,0.963685490196078,NA
"Crizotinib + Afatinib",-0.194897981353778,0.462733333333333,NA
"Crizotinib + Alisertib",-0.163218317568857,0.240862745098039,NA
"Crizotinib + Alpelisib",-0.281504632271806,0.131202352941176,NA
"Crizotinib + Axitinib",-0.400618255927159,0.0377388235294118,NA
"Crizotinib + AZD6482",-0.290309811997452,0.0869027450980392,NA
"Crizotinib + AZD7762",-0.215553917479951,0.185117647058824,NA
"Crizotinib + AZD8055",-0.205711704528559,0.26046431372549,NA
"Crizotinib + BI-2536",-0.24963885877985,0.303687843137255,NA
"Crizotinib + Bortezomib",-0.110554947760357,0.655349803921569,NA
"Crizotinib + Camptothecin",-0.173361898266042,0.299759215686275,NA
"Crizotinib + Cisplatin",-0.097282777933663,0.357357647058824,NA
"Crizotinib + Dabrafenib",-0.0439975059634594,0.713919215686274,NA
"Crizotinib + Docetaxel",-0.852674291069958,0.00625960784313725,NA
"Crizotinib + Doramapimod",-0.144294299258471,0.298950588235294,NA
"Crizotinib + Entinostat",-0.2077089431593,0.31176,NA
"Crizotinib + Gemcitabine",-0.176485489157413,0.15930431372549,NA
"Crizotinib + GSK269962A",-0.418181967505752,0.0829796078431373,NA
"Crizotinib + JQ1",-0.47374338926203,0.00941019607843137,NA
"Crizotinib + KU-55933",-0.136727962983192,0.218901176470588,NA
"Crizotinib + Lapatinib",-0.229844495383026,0.381438431372549,NA
"Crizotinib + Linsitinib",-0.120277987580675,0.358887058823529,NA
"Crizotinib + Luminespib",-0.141444887866587,0.524702745098039,NA
"Crizotinib + MK-1775",-0.303564615285235,0.200090980392157,NA
"Crizotinib + MK-2206",-0.626539149039705,0.00783450980392157,NA
"Crizotinib + Navitoclax",-0.0971908003486261,0.742986666666667,NA
"Crizotinib + Nilotinib",-0.111714792104185,0.692041568627451,NA
"Crizotinib + NU7441",0.0668511896146621,0.785452549019608,NA
"Crizotinib + Nutlin-3a (-)",-0.225302006165837,0.042443137254902,NA
"Crizotinib + Olaparib",-0.223857624437033,0.0837647058823529,NA
"Crizotinib + OSI-027",-0.145333355942311,0.345563921568627,NA
"Crizotinib + Paclitaxel",-0.558483170154189,0.0156392156862745,NA
"Crizotinib + Palbociclib",-0.0383640519740265,0.794047058823529,NA
"Crizotinib + PD173074",-0.145747214673744,0.291937254901961,NA
"Crizotinib + PF-4708671",-0.13504470815748,0.373581176470588,NA
"Crizotinib + Pictilisib",-0.452083759704167,0.051796862745098,NA
"Crizotinib + Ribociclib",-0.349514181028223,0.0140682352941176,NA
"Crizotinib + RO-3306",-0.408065668678937,0.0196227450980392,NA
"Crizotinib + Sapitinib",-0.080728631026266,0.659322352941176,NA
"Crizotinib + SB216763",-0.0952228937253996,0.269221960784314,NA
"Crizotinib + SCH772984",-0.387779549724746,0.0242619607843137,NA
"Crizotinib + Sorafenib",-0.252426928949269,0.389256470588235,NA
"Crizotinib + Taselisib",-0.382910849457365,0.109481568627451,NA
"Crizotinib + Temozolomide",-0.0493175239740337,0.527913725490196,NA
"Crizotinib + Tozasertib",-0.0241120481751795,0.818189803921569,NA
"Crizotinib + Trametinib",-0.0747051902874549,0.600210196078431,NA
"Crizotinib + Uprosertib",-0.501720146681447,0.0360878431372549,NA
"Crizotinib + Venetoclax",-0.0381580206757152,0.720869803921569,NA
"Crizotinib + Vorinostat",-0.217963373980383,0.474545098039216,NA
"Crizotinib + Wee1 Inhibitor",-0.185162591268889,0.404054117647059,NA
"Crizotinib + ZM447439",-0.423376038860927,0.0711819607843137,NA
"Docetaxel + 5-Fluorouracil",-0.0682355801265621,0.684127058823529,NA
"Docetaxel + Afatinib",0.0360050255930912,0.896413333333333,NA
"Docetaxel + Alisertib",-0.207390173268551,0.274054901960784,NA
"Docetaxel + Alpelisib",-0.0269577269859484,0.863566274509804,NA
"Docetaxel + Axitinib",-0.263550083488133,0.189916078431373,NA
"Docetaxel + AZD6482",0.00432533227458977,0.970781176470588,NA
"Docetaxel + AZD7762",-0.192519569664351,0.252595294117647,NA
"Docetaxel + AZD8055",-0.205723458046302,0.254933333333333,NA
"Docetaxel + BI-2536",-0.168885353674598,0.540629019607843,NA
"Docetaxel + Bortezomib",-0.252115546499008,0.322796862745098,NA
"Docetaxel + Camptothecin",0.0913424814887308,0.612684705882353,NA
"Docetaxel + Cisplatin",0.0174784426188157,0.888501960784314,NA
"Docetaxel + Crizotinib",-0.179980328638559,0.338524705882353,NA
"Docetaxel + Dabrafenib",-0.0171247589427295,0.891678431372549,NA
"Docetaxel + Doramapimod",0.143588923148665,0.469005490196078,NA
"Docetaxel + Entinostat",-0.0740355031542601,0.704512941176471,NA
"Docetaxel + Gemcitabine",-0.0835956990932864,0.628643137254902,NA
"Docetaxel + GSK269962A",-0.0216114553336686,0.913970980392157,NA
"Docetaxel + JQ1",0.0305941032476206,0.858077647058824,NA
"Docetaxel + KU-55933",-0.142704018936102,0.22516862745098,NA
"Docetaxel + Lapatinib",-0.0337536410745765,0.877529411764706,NA
"Docetaxel + Linsitinib",0.148819855998892,0.405687058823529,NA
"Docetaxel + Luminespib",-0.186920438290613,0.407214117647059,NA
"Docetaxel + MK-1775",-0.173163936371572,0.439207843137255,NA
"Docetaxel + MK-2206",-0.178936712872283,0.422801568627451,NA
"Docetaxel + Navitoclax",0.141688050053058,0.579084705882353,NA
"Docetaxel + Nilotinib",-0.217047482807072,0.40964,NA
"Docetaxel + NU7441",0.0403832655217908,0.858854901960784,NA
"Docetaxel + Nutlin-3a (-)",-0.0375884832736169,0.792452549019608,NA
"Docetaxel + Olaparib",-0.212322096321518,0.0673458823529412,NA
"Docetaxel + OSI-027",-0.233443512343333,0.135050196078431,NA
"Docetaxel + Paclitaxel",-0.15849048839384,0.444693333333333,NA
"Docetaxel + Palbociclib",-0.107713566669293,0.461982745098039,NA
"Docetaxel + PD173074",-0.211989239747537,0.128141960784314,NA
"Docetaxel + PF-4708671",-0.208210764085059,0.16088862745098,NA
"Docetaxel + Pictilisib",-0.0877618210035232,0.644385882352941,NA
"Docetaxel + Ribociclib",-0.159257791909777,0.412749803921569,NA
"Docetaxel + RO-3306",-0.0325322775007351,0.822109803921569,NA
"Docetaxel + Sapitinib",-0.163222130448264,0.351083921568627,NA
"Docetaxel + SB216763",0.0394421521614982,0.753941176470588,NA
"Docetaxel + SCH772984",-0.0293073113116547,0.840906666666667,NA
"Docetaxel + Sorafenib",0.0255547218398014,0.928243921568627,NA
"Docetaxel + Taselisib",-0.0645765681303181,0.79166431372549,NA
"Docetaxel + Temozolomide",-0.016630227451961,0.861198431372549,NA
"Docetaxel + Tozasertib",0.0221657321653687,0.878309019607843,NA
"Docetaxel + Trametinib",-0.10485516117689,0.464274509803922,NA
"Docetaxel + Uprosertib",0.0188407740315329,0.917178039215686,NA
"Docetaxel + Venetoclax",-0.0391054709484038,0.723226666666667,NA
"Docetaxel + Vorinostat",-0.172467045032212,0.546189019607843,NA
"Docetaxel + Wee1 Inhibitor",-0.125923720336267,0.52871137254902,NA
"Docetaxel + ZM447439",-0.20978534337719,0.309381176470588,NA
"Gemcitabine + 5-Fluorouracil",-0.145860274162463,0.327574117647059,NA
"Gemcitabine + Afatinib",-0.241898807823461,0.379818039215686,NA
"Gemcitabine + Alisertib",-0.250096425897766,0.0977772549019608,NA
"Gemcitabine + Alpelisib",-0.125494368268034,0.458849411764706,NA
"Gemcitabine + Axitinib",-0.178832755334128,0.31016862745098,NA
"Gemcitabine + AZD6482",-0.0441187823267216,0.759588235294118,NA
"Gemcitabine + AZD7762",0.343729569117476,0.117259607843137,NA
"Gemcitabine + AZD8055",-0.424028110323854,0.0298564705882353,NA
"Gemcitabine + BI-2536",-0.248018456131416,0.267643137254902,NA
"Gemcitabine + Bortezomib",-0.272317723433819,0.174929411764706,NA
"Gemcitabine + Camptothecin",0.0348769915758664,0.794813333333333,NA
"Gemcitabine + Cisplatin",0.28358586312419,0.0681050980392157,NA
"Gemcitabine + Crizotinib",-0.160463479820974,0.272456470588235,NA
"Gemcitabine + Dabrafenib",-0.0614429379215875,0.596339607843137,NA
"Gemcitabine + Docetaxel",-0.863844672682971,0.000769411764705882,NA
"Gemcitabine + Doramapimod",0.0632190160668827,0.716997647058824,NA
"Gemcitabine + Entinostat",-0.131151015168467,0.483203921568627,NA
"Gemcitabine + GSK269962A",-0.143450354582394,0.447876078431373,NA
"Gemcitabine + JQ1",-0.0386886051532984,0.808076078431373,NA
"Gemcitabine + KU-55933",-0.167822031242098,0.0985670588235294,NA
"Gemcitabine + Lapatinib",-0.141619823906461,0.460414117647059,NA
"Gemcitabine + Linsitinib",0.0453658553617859,0.763470588235294,NA
"Gemcitabine + Luminespib",-0.369996116289616,0.120403921568627,NA
"Gemcitabine + MK-1775",-0.377774838277852,0.058798431372549,NA
"Gemcitabine + MK-2206",-0.253939735815742,0.216454901960784,NA
"Gemcitabine + Navitoclax",0.134226858217985,0.515283137254902,NA
"Gemcitabine + Nilotinib",-0.45881604304829,0.10324862745098,NA
"Gemcitabine + NU7441",-0.186021160858255,0.344789019607843,NA
"Gemcitabine + Nutlin-3a (-)",-0.0538735917840039,0.690443921568627,NA
"Gemcitabine + Olaparib",-0.110732292457697,0.332260392156863,NA
"Gemcitabine + OSI-027",-0.373796904862799,0.0447772549019608,NA
"Gemcitabine + Paclitaxel",-0.830013382639255,0.00233803921568627,NA
"Gemcitabine + Palbociclib",-0.116743626289648,0.365090196078431,NA
"Gemcitabine + PD173074",-0.295546900589428,0.0282525490196078,NA
"Gemcitabine + PF-4708671",-0.269374459357625,0.0916172549019608,NA
"Gemcitabine + Pictilisib",-0.154812444073003,0.347913725490196,NA
"Gemcitabine + Ribociclib",-0.15965872202017,0.270841568627451,NA
"Gemcitabine + RO-3306",-0.0471932431310952,0.73984862745098,NA
"Gemcitabine + Sapitinib",-0.416334154271554,0.0306454901960784,NA
"Gemcitabine + SB216763",0.00415551654999649,0.969188235294118,NA
"Gemcitabine + SCH772984",-0.164321530835584,0.328378039215686,NA
"Gemcitabine + Sorafenib",-0.100593452109437,0.693611764705882,NA
"Gemcitabine + Taselisib",-0.0923498186054319,0.676419607843137,NA
"Gemcitabine + Temozolomide",0.0498426900589359,0.699076078431373,NA
"Gemcitabine + Tozasertib",0.0314784973591847,0.819771764705882,NA
"Gemcitabine + Trametinib",-0.109696811969728,0.435334901960784,NA
"Gemcitabine + Uprosertib",-0.206921634033387,0.215674509803922,NA
"Gemcitabine + Venetoclax",0.00288760344848922,0.979342745098039,NA
"Gemcitabine + Vorinostat",-0.379029020472349,0.151486274509804,NA
"Gemcitabine + Wee1 Inhibitor",-0.289450603388108,0.136553725490196,NA
"Gemcitabine + ZM447439",-0.251441379313827,0.149887058823529,NA
"Lapatinib + 5-Fluorouracil",0.0946579147954189,0.498734901960784,NA
"Lapatinib + Afatinib",-0.412185658200521,0.0487450980392157,NA
"Lapatinib + Alisertib",0.414057432295225,0.0822439215686274,NA
"Lapatinib + Alpelisib",0.136871780275279,0.379022745098039,NA
"Lapatinib + Axitinib",-0.0824386742294156,0.510527843137255,NA
"Lapatinib + AZD6482",0.251542640512702,0.185963921568627,NA
"Lapatinib + AZD7762",-0.142829187696935,0.279465098039216,NA
"Lapatinib + AZD8055",0.0830764319665472,0.660074509803922,NA
"Lapatinib + BI-2536",0.378247233179779,0.0766235294117647,NA
"Lapatinib + Bortezomib",-0.188856304199592,0.203923921568627,NA
"Lapatinib + Camptothecin",0.0186231045077168,0.872087058823529,NA
"Lapatinib + Cisplatin",0.0925491203696373,0.411149803921569,NA
"Lapatinib + Crizotinib",0.357219975947164,0.0556854901960784,NA
"Lapatinib + Dabrafenib",0.0830511436257211,0.601006274509804,NA
"Lapatinib + Docetaxel",-0.15972547226582,0.265238431372549,NA
"Lapatinib + Doramapimod",0.2400546134423,0.168709019607843,NA
"Lapatinib + Entinostat",0.392161954639934,0.0385090196078431,NA
"Lapatinib + Gemcitabine",-0.0281726808604921,0.827603137254902,NA
"Lapatinib + GSK269962A",-0.124290525779875,0.384586666666667,NA
"Lapatinib + JQ1",0.54101600706521,0.0353474509803922,NA
"Lapatinib + KU-55933",0.0181589187400653,0.917981960784314,NA
"Lapatinib + Linsitinib",0.274547725430547,0.0923874509803922,NA
"Lapatinib + Luminespib",-0.257115720904584,0.173410196078431,NA
"Lapatinib + MK-1775",-0.202129247823737,0.148324705882353,NA
"Lapatinib + MK-2206",-0.0977760914450512,0.572123137254902,NA
"Lapatinib + Navitoclax",0.577539209159389,0.0117513725490196,"Lapatinib + Navitoclax"
"Lapatinib + Nilotinib",0.152448204851478,0.42587137254902,NA
"Lapatinib + NU7441",0.547244349660845,0.0330101960784314,NA
"Lapatinib + Nutlin-3a (-)",0.0647547348605356,0.607985882352941,NA
"Lapatinib + Olaparib",-0.00922967311035818,0.94561568627451,NA
"Lapatinib + OSI-027",0.0992067974528591,0.535856470588235,NA
"Lapatinib + Paclitaxel",0.0991532783827754,0.575992156862745,NA
"Lapatinib + Palbociclib",0.1224158142623,0.390058039215686,NA
"Lapatinib + PD173074",0.121577028471707,0.41976,NA
"Lapatinib + PF-4708671",0.0766699971664223,0.638865882352941,NA
"Lapatinib + Pictilisib",-0.152808301690597,0.325160784313725,NA
"Lapatinib + Ribociclib",0.0567023116812678,0.714713725490196,NA
"Lapatinib + RO-3306",-0.0323076445954021,0.81740862745098,NA
"Lapatinib + Sapitinib",-0.520237864158257,0.0101850980392157,NA
"Lapatinib + SB216763",-0.0186718153081178,0.864339607843137,NA
"Lapatinib + SCH772984",0.218025368125015,0.21488,NA
"Lapatinib + Sorafenib",-0.145893383804452,0.374354509803922,NA
"Lapatinib + Taselisib",-0.249979003937371,0.169463529411765,NA
"Lapatinib + Temozolomide",0.0842576862163359,0.519272941176471,NA
"Lapatinib + Tozasertib",0.214122722686756,0.214072941176471,NA
"Lapatinib + Trametinib",0.0784695043656536,0.623891764705882,NA
"Lapatinib + Uprosertib",0.124428240217269,0.454936470588235,NA
"Lapatinib + Venetoclax",0.199257121173208,0.287292549019608,NA
"Lapatinib + Vorinostat",0.296938995451281,0.13427137254902,NA
"Lapatinib + Wee1 Inhibitor",-0.0837305854590777,0.541439215686275,NA
"Lapatinib + ZM447439",0.242402417944122,0.153054901960784,NA
"Linsitinib + 5-Fluorouracil",0.0252818059255231,0.87674431372549,NA
"Linsitinib + Afatinib",0.0679371040592564,0.768188235294118,NA
"Linsitinib + Alisertib",0.411489119606324,0.140494901960784,NA
"Linsitinib + Alpelisib",0.0905889233653087,0.564158431372549,NA
"Linsitinib + Axitinib",0.290582507909131,0.153800784313725,NA
"Linsitinib + AZD6482",0.274771878078636,0.150684705882353,NA
"Linsitinib + AZD7762",-0.125019136801528,0.399234509803922,NA
"Linsitinib + AZD8055",-0.00299314154016218,0.98656,NA
"Linsitinib + BI-2536",0.286041477575681,0.246373333333333,NA
"Linsitinib + Bortezomib",0.0115872644366994,0.961404705882353,NA
"Linsitinib + Camptothecin",0.117652095132992,0.489512941176471,NA
"Linsitinib + Cisplatin",0.340491589927946,0.0479796078431373,NA
"Linsitinib + Crizotinib",0.294108793490306,0.138099607843137,NA
"Linsitinib + Dabrafenib",0.0674338709935469,0.630988235294118,NA
"Linsitinib + Docetaxel",-0.168392538901922,0.321233725490196,NA
"Linsitinib + Doramapimod",0.107486966557279,0.522329411764706,NA
"Linsitinib + Entinostat",-0.0513295855498585,0.773659607843137,NA
"Linsitinib + Gemcitabine",0.0197019920886038,0.90118431372549,NA
"Linsitinib + GSK269962A",0.303044386056401,0.161702745098039,NA
"Linsitinib + JQ1",0.436621302941107,0.0750666666666667,NA
"Linsitinib + KU-55933",-0.024139060641007,0.852712941176471,NA
"Linsitinib + Lapatinib",-0.0186391818902306,0.930618823529412,NA
"Linsitinib + Luminespib",-0.137134242545254,0.503416470588235,NA
"Linsitinib + MK-1775",0.167517372922508,0.342388235294118,NA
"Linsitinib + MK-2206",-0.0664783869201507,0.698306666666667,NA
"Linsitinib + Navitoclax",0.369535678678155,0.147552156862745,NA
"Linsitinib + Nilotinib",0.110347408238717,0.656926274509804,NA
"Linsitinib + NU7441",0.443262216555529,0.110283137254902,NA
"Linsitinib + Nutlin-3a (-)",0.195643062638256,0.29273568627451,NA
"Linsitinib + Olaparib",-0.0287105642526058,0.838580392156863,NA
"Linsitinib + OSI-027",-0.187322392319165,0.222817254901961,NA
"Linsitinib + Paclitaxel",0.0221220891290986,0.907596862745098,NA
"Linsitinib + Palbociclib",0.048590553015924,0.745306666666667,NA
"Linsitinib + PD173074",-0.0455979119477665,0.729516078431373,NA
"Linsitinib + PF-4708671",0.09535107029313,0.591582745098039,NA
"Linsitinib + Pictilisib",-0.139525419141191,0.447089411764706,NA
"Linsitinib + Ribociclib",0.0650706638607645,0.730308235294118,NA
"Linsitinib + RO-3306",0.344154114228912,0.102452549019608,NA
"Linsitinib + Sapitinib",-0.163655599411115,0.354985882352941,NA
"Linsitinib + SB216763",0.0921259662939637,0.458083921568627,NA
"Linsitinib + SCH772984",0.629235566090398,0.0203827450980392,"Linsitinib + SCH772984"
"Linsitinib + Sorafenib",0.349921924624737,0.205443137254902,NA
"Linsitinib + Taselisib",-0.218729173738933,0.336956078431373,NA
"Linsitinib + Temozolomide",0.0439566156684346,0.732700392156863,NA
"Linsitinib + Tozasertib",0.318879803983746,0.157701960784314,NA
"Linsitinib + Trametinib",0.0865325605929841,0.556379607843137,NA
"Linsitinib + Uprosertib",0.199753742849897,0.262747450980392,NA
"Linsitinib + Venetoclax",0.118619149481328,0.493316078431373,NA
"Linsitinib + Vorinostat",-0.0983294053605158,0.663916862745098,NA
"Linsitinib + Wee1 Inhibitor",0.18736149118484,0.278712156862745,NA
"Linsitinib + ZM447439",0.364144504823626,0.0939058823529412,NA
"Luminespib + 5-Fluorouracil",0.0129496086260971,0.94168862745098,NA
"Luminespib + Afatinib",-0.218676180578514,0.428297254901961,NA
"Luminespib + Alisertib",0.165961761478977,0.437690980392157,NA
"Luminespib + Alpelisib",0.0321735086857978,0.844857254901961,NA
"Luminespib + Axitinib",-0.240362308928793,0.121974117647059,NA
"Luminespib + AZD6482",0.0288542304579645,0.826826666666667,NA
"Luminespib + AZD7762",-0.133900332849352,0.371194509803922,NA
"Luminespib + AZD8055",0.0212323545147848,0.921877647058824,NA
"Luminespib + BI-2536",0.0700562013011202,0.795570196078431,NA
"Luminespib + Bortezomib",-0.125999000299036,0.586902745098039,NA
"Luminespib + Camptothecin",-0.0327104872320559,0.81040862745098,NA
"Luminespib + Cisplatin",0.0300803306575883,0.790156078431373,NA
"Luminespib + Crizotinib",-0.0313957378263675,0.818957647058824,NA
"Luminespib + Dabrafenib",0.0754278482047012,0.608749019607843,NA
"Luminespib + Docetaxel",-0.259862285212477,0.184341176470588,NA
"Luminespib + Doramapimod",-0.085197465752339,0.521563137254902,NA
"Luminespib + Entinostat",0.16475468538286,0.417400784313726,NA
"Luminespib + Gemcitabine",-0.13659153343609,0.356556078431373,NA
"Luminespib + GSK269962A",-0.0887095640683735,0.599425098039216,NA
"Luminespib + JQ1",-0.07108487667057,0.664708235294118,NA
"Luminespib + KU-55933",-0.021768476795732,0.836211764705882,NA
"Luminespib + Lapatinib",-0.274535758545445,0.251025098039216,NA
"Luminespib + Linsitinib",0.065775093420782,0.627858039215686,NA
"Luminespib + MK-1775",-0.0884185055025296,0.685679215686275,NA
"Luminespib + MK-2206",-0.351484667444989,0.123466666666667,NA
"Luminespib + Navitoclax",0.000721891681577901,0.995898823529412,NA
"Luminespib + Nilotinib",-0.0638641483098866,0.80733568627451,NA
"Luminespib + NU7441",0.24405931397151,0.343210196078431,NA
"Luminespib + Nutlin-3a (-)",-0.0703867677074558,0.531155294117647,NA
"Luminespib + Olaparib",-0.0514990281609622,0.718516078431373,NA
"Luminespib + OSI-027",0.00786310257215004,0.958273725490196,NA
"Luminespib + Paclitaxel",-0.00838818038532951,0.960640784313725,NA
"Luminespib + Palbociclib",0.0225062145201012,0.869783529411765,NA
"Luminespib + PD173074",0.0179657545225909,0.908409411764706,NA
"Luminespib + PF-4708671",0.108737119399158,0.560994509803922,NA
"Luminespib + Pictilisib",-0.207443514832514,0.302882352941176,NA
"Luminespib + Ribociclib",-0.193267142165113,0.20775137254902,NA
"Luminespib + RO-3306",-0.0924638738246997,0.465075294117647,NA
"Luminespib + Sapitinib",-0.172363512752805,0.401650980392157,NA
"Luminespib + SB216763",-0.0788347406529349,0.416621960784314,NA
"Luminespib + SCH772984",-0.022014065206938,0.885397647058824,NA
"Luminespib + Sorafenib",-0.0757615236900372,0.76508,NA
"Luminespib + Taselisib",-0.303916830753609,0.247952156862745,NA
"Luminespib + Temozolomide",-0.00306901027365259,0.976152941176471,NA
"Luminespib + Tozasertib",0.0200222376148341,0.839347450980392,NA
"Luminespib + Trametinib",0.00660448721199525,0.965250980392157,NA
"Luminespib + Uprosertib",-0.0417970485671781,0.797936470588235,NA
"Luminespib + Venetoclax",0.0326377304600893,0.81193568627451,NA
"Luminespib + Vorinostat",-0.0668173759683051,0.79951137254902,NA
"Luminespib + Wee1 Inhibitor",0.0064296155198042,0.975337254901961,NA
"Luminespib + ZM447439",-0.000220672189852504,0.999186666666667,NA
"MK-1775 + 5-Fluorouracil",0.0551959388024263,0.734318431372549,NA
"MK-1775 + Afatinib",0.0607121699658664,0.78387137254902,NA
"MK-1775 + Alisertib",-0.235996244727256,0.125030588235294,NA
"MK-1775 + Alpelisib",0.0265273945089568,0.851902745098039,NA
"MK-1775 + Axitinib",-0.229146167774046,0.188363137254902,NA
"MK-1775 + AZD6482",0.140075868596489,0.387712156862745,NA
"MK-1775 + AZD7762",0.19688553774826,0.197723921568627,NA
"MK-1775 + AZD8055",-0.252368660825132,0.121196078431373,NA
"MK-1775 + BI-2536",-0.0130707379851036,0.952813333333333,NA
"MK-1775 + Bortezomib",-0.185076963175772,0.366603137254902,NA
"MK-1775 + Camptothecin",0.089168456294874,0.529539607843137,NA
"MK-1775 + Cisplatin",0.31415881363721,0.0814149019607843,NA
"MK-1775 + Crizotinib",-0.0951083905924098,0.516883921568628,NA
"MK-1775 + Dabrafenib",-0.0481162009820502,0.669414117647059,NA
"MK-1775 + Docetaxel",-0.261483023336657,0.122743529411765,NA
"MK-1775 + Doramapimod",0.203128030328334,0.28651137254902,NA
"MK-1775 + Entinostat",-0.0508720140292716,0.755546666666667,NA
"MK-1775 + Gemcitabine",0.0105600057825506,0.94012,NA
"MK-1775 + GSK269962A",-0.0252782752493705,0.882267450980392,NA
"MK-1775 + JQ1",0.157748499298635,0.39313568627451,NA
"MK-1775 + KU-55933",-0.0925707015051431,0.368889411764706,NA
"MK-1775 + Lapatinib",0.0190602319191879,0.915563137254902,NA
"MK-1775 + Linsitinib",0.267464519832634,0.127341960784314,NA
"MK-1775 + Luminespib",-0.233842753548838,0.238489411764706,NA
"MK-1775 + MK-2206",-0.0585655341685518,0.742198431372549,NA
"MK-1775 + Navitoclax",0.3297813718006,0.114178823529412,NA
"MK-1775 + Nilotinib",-0.246720169294263,0.224418039215686,NA
"MK-1775 + NU7441",0.0211507058546999,0.904322352941176,NA
"MK-1775 + Nutlin-3a (-)",0.120768048682325,0.396934117647059,NA
"MK-1775 + Olaparib",-0.123039438991893,0.213245490196078,NA
"MK-1775 + OSI-027",-0.164134158011569,0.284901960784314,NA
"MK-1775 + Paclitaxel",-0.370557776817067,0.0416713725490196,NA
"MK-1775 + Palbociclib",-0.0670549107774387,0.579876078431373,NA
"MK-1775 + PD173074",-0.17510860512357,0.171060392156863,NA
"MK-1775 + PF-4708671",-0.175027056248556,0.196954509803922,NA
"MK-1775 + Pictilisib",0.0129489386643033,0.931443137254902,NA
"MK-1775 + Ribociclib",-0.13841551632766,0.317284705882353,NA
"MK-1775 + RO-3306",-0.0357909275836083,0.787047058823529,NA
"MK-1775 + Sapitinib",-0.114710362055595,0.457306666666667,NA
"MK-1775 + SB216763",0.17190805992484,0.229106666666667,NA
"MK-1775 + SCH772984",0.0959543436263098,0.55170431372549,NA
"MK-1775 + Sorafenib",-0.0412728854096813,0.831509019607843,NA
"MK-1775 + Taselisib",0.124784217969482,0.53197568627451,NA
"MK-1775 + Temozolomide",0.0643174003593413,0.629394509803922,NA
"MK-1775 + Tozasertib",0.0967307884285979,0.420522352941176,NA
"MK-1775 + Trametinib",-0.0469863687922055,0.710009411764706,NA
"MK-1775 + Uprosertib",0.10999800436091,0.494910588235294,NA
"MK-1775 + Venetoclax",0.0802295280144742,0.484787450980392,NA
"MK-1775 + Vorinostat",-0.0157651996659993,0.939380392156863,NA
"MK-1775 + Wee1 Inhibitor",-0.35814624217225,0.0549058823529412,NA
"MK-1775 + ZM447439",-0.0936468391014543,0.597127843137255,NA
"MK-2206 + 5-Fluorouracil",0.0183113161696504,0.921089411764706,NA
"MK-2206 + Afatinib",0.026293743701243,0.929845490196078,NA
"MK-2206 + Alisertib",0.244724734056619,0.282552941176471,NA
"MK-2206 + Alpelisib",0.0634631526601721,0.630167843137255,NA
"MK-2206 + Axitinib",-0.134148288991518,0.395466666666667,NA
"MK-2206 + AZD6482",0.0054045345430131,0.972313725490196,NA
"MK-2206 + AZD7762",-0.186649342347855,0.217280784313725,NA
"MK-2206 + AZD8055",0.182161782700241,0.377491764705882,NA
"MK-2206 + BI-2536",0.433377881589982,0.113416470588235,NA
"MK-2206 + Bortezomib",-0.127547847798015,0.491049411764706,NA
"MK-2206 + Camptothecin",0.069336716035712,0.626330980392157,NA
"MK-2206 + Cisplatin",0.063872328041045,0.635753725490196,NA
"MK-2206 + Crizotinib",-0.0107251131456576,0.943256470588235,NA
"MK-2206 + Dabrafenib",0.128312666475311,0.408807058823529,NA
"MK-2206 + Docetaxel",-0.1667329452836,0.295866666666667,NA
"MK-2206 + Doramapimod",0.18256646864371,0.33456862745098,NA
"MK-2206 + Entinostat",0.343747313515901,0.112661960784314,NA
"MK-2206 + Gemcitabine",0.0117884912639012,0.944836078431373,NA
"MK-2206 + GSK269962A",-0.0986940976652796,0.570572549019608,NA
"MK-2206 + JQ1",0.201188874514594,0.323579607843137,NA
"MK-2206 + KU-55933",0.0850682305951957,0.577527058823529,NA
"MK-2206 + Lapatinib",-0.109224941140229,0.568978039215686,NA
"MK-2206 + Linsitinib",0.0574887808245123,0.656132549019608,NA
"MK-2206 + Luminespib",-0.238326415973354,0.218115294117647,NA
"MK-2206 + MK-1775",-0.050833455540529,0.706014901960784,NA
"MK-2206 + Navitoclax",0.238608321785646,0.261981176470588,NA
"MK-2206 + Nilotinib",0.229402216008726,0.383034509803922,NA
"MK-2206 + NU7441",0.489103798454001,0.0861113725490196,NA
"MK-2206 + Nutlin-3a (-)",0.0139547860131473,0.925054901960784,NA
"MK-2206 + Olaparib",0.0199943755759666,0.893274509803922,NA
"MK-2206 + OSI-027",0.160589200443769,0.370439215686275,NA
"MK-2206 + Paclitaxel",0.0839557509518331,0.627109019607843,NA
"MK-2206 + Palbociclib",0.159230162572413,0.361245490196078,NA
"MK-2206 + PD173074",0.108332129126338,0.476978823529412,NA
"MK-2206 + PF-4708671",0.17591290320826,0.339281568627451,NA
"MK-2206 + Pictilisib",-0.41495927516995,0.0495247058823529,NA
"MK-2206 + Ribociclib",0.0164407673472129,0.94092862745098,NA
"MK-2206 + RO-3306",0.106943504615084,0.423582745098039,NA
"MK-2206 + Sapitinib",-0.0298652327317668,0.855774117647059,NA
"MK-2206 + SB216763",-0.0443081867111814,0.724730196078431,NA
"MK-2206 + SCH772984",0.489909508955133,0.0471756862745098,NA
"MK-2206 + Sorafenib",-0.0973714375709767,0.583001568627451,NA
"MK-2206 + Taselisib",-0.491084373679912,0.0946447058823529,NA
"MK-2206 + Temozolomide",0.0129340421790677,0.916378823529412,NA
"MK-2206 + Tozasertib",0.149154196349433,0.396227450980392,NA
"MK-2206 + Trametinib",0.246431507281605,0.155369411764706,NA
"MK-2206 + Uprosertib",-0.322452431729923,0.0774603921568627,NA
"MK-2206 + Venetoclax",0.22587724188165,0.258114509803922,NA
"MK-2206 + Vorinostat",0.156589965726702,0.49029568627451,NA
"MK-2206 + Wee1 Inhibitor",0.0486936944199398,0.764265882352941,NA
"MK-2206 + ZM447439",0.224427842741261,0.195450196078431,NA
"Navitoclax + 5-Fluorouracil",0.355526619090071,0.108730980392157,NA
"Navitoclax + Afatinib",0.281879060888272,0.296618823529412,NA
"Navitoclax + Alisertib",0.605253916574038,0.0892854901960784,NA
"Navitoclax + Alpelisib",0.459594181938308,0.0439788235294118,NA
"Navitoclax + Axitinib",0.347637284468024,0.0993356862745098,NA
"Navitoclax + AZD6482",0.426058153867067,0.0564541176470588,NA
"Navitoclax + AZD7762",0.111638108018965,0.516085490196078,NA
"Navitoclax + AZD8055",0.503124521776147,0.0463678431372549,NA
"Navitoclax + BI-2536",0.426184400676729,0.239292549019608,NA
"Navitoclax + Bortezomib",0.098556826513316,0.743764705882353,NA
"Navitoclax + Camptothecin",0.442913518851581,0.133476862745098,NA
"Navitoclax + Cisplatin",0.222595915115281,0.177246274509804,NA
"Navitoclax + Crizotinib",0.298304624354077,0.175738039215686,NA
"Navitoclax + Dabrafenib",0.10014999612987,0.469760784313725,NA
"Navitoclax + Docetaxel",0.490206382744805,0.0853192156862745,NA
"Navitoclax + Doramapimod",0.346849386166454,0.107960784313725,NA
"Navitoclax + Entinostat",0.42348739166137,0.0877082352941176,NA
"Navitoclax + Gemcitabine",0.120171584875569,0.566561568627451,NA
"Navitoclax + GSK269962A",0.725771059006035,0.0180156862745098,"Navitoclax + GSK269962A"
"Navitoclax + JQ1",0.408207521580479,0.0900588235294118,NA
"Navitoclax + KU-55933",0.0925656065690005,0.501090196078431,NA
"Navitoclax + Lapatinib",0.340342447225122,0.145214901960784,NA
"Navitoclax + Linsitinib",0.330853538269663,0.0758494117647059,NA
"Navitoclax + Luminespib",0.161600379286207,0.499499607843137,NA
"Navitoclax + MK-1775",0.154888196451563,0.539799215686275,NA
"Navitoclax + MK-2206",0.130342067655306,0.507370196078431,NA
"Navitoclax + Nilotinib",0.0984059834816491,0.733503529411765,NA
"Navitoclax + NU7441",0.496923697910877,0.156192941176471,NA
"Navitoclax + Nutlin-3a (-)",0.124513734394198,0.414305098039216,NA
"Navitoclax + Olaparib",0.00366214331027379,0.978545882352941,NA
"Navitoclax + OSI-027",0.205415096230296,0.285726274509804,NA
"Navitoclax + Paclitaxel",0.770537611217462,0.0274525490196078,NA
"Navitoclax + Palbociclib",-0.0512116665343467,0.699880784313725,NA
"Navitoclax + PD173074",-0.0377191744939371,0.756347450980392,NA
"Navitoclax + PF-4708671",0.271086783865616,0.144450980392157,NA
"Navitoclax + Pictilisib",0.377325074778215,0.13730431372549,NA
"Navitoclax + Ribociclib",-0.227867638445662,0.203107450980392,NA
"Navitoclax + RO-3306",0.473972762966297,0.0211388235294118,NA
"Navitoclax + Sapitinib",0.317803212942114,0.202345882352941,NA
"Navitoclax + SB216763",0.18704192033928,0.294272941176471,NA
"Navitoclax + SCH772984",0.438533892506115,0.0727247058823529,NA
"Navitoclax + Sorafenib",0.479078460743197,0.166350588235294,NA
"Navitoclax + Taselisib",0.372724587266306,0.145978039215686,NA
"Navitoclax + Temozolomide",-0.00583231683336252,0.962140392156863,NA
"Navitoclax + Tozasertib",0.792085622597941,0.0250698039215686,NA
"Navitoclax + Trametinib",0.0946635286388352,0.55866431372549,NA
"Navitoclax + Uprosertib",0.362101863733493,0.0845396078431373,NA
"Navitoclax + Venetoclax",0.0230576962976181,0.842530196078431,NA
"Navitoclax + Vorinostat",0.302434588722773,0.331509803921569,NA
"Navitoclax + Wee1 Inhibitor",0.311105139550948,0.208541960784314,NA
"Navitoclax + ZM447439",0.548394093914435,0.0572282352941176,NA
"Nutlin-3a (-) + 5-Fluorouracil",-0.0417478010161049,0.79092,NA
"Nutlin-3a (-) + Afatinib",0.00764283604223337,0.968404705882353,NA
"Nutlin-3a (-) + Alisertib",0.0823876451839976,0.658500392156863,NA
"Nutlin-3a (-) + Alpelisib",0.0430217102141138,0.772113725490196,NA
"Nutlin-3a (-) + Axitinib",-0.188941174476626,0.234580392156863,NA
"Nutlin-3a (-) + AZD6482",0.0257766631699097,0.848755294117647,NA
"Nutlin-3a (-) + AZD7762",-0.221724319753747,0.167126274509804,NA
"Nutlin-3a (-) + AZD8055",-0.097470328436274,0.565727058823529,NA
"Nutlin-3a (-) + BI-2536",0.250548111291495,0.37276862745098,NA
"Nutlin-3a (-) + Bortezomib",0.00781480073953507,0.973844705882353,NA
"Nutlin-3a (-) + Camptothecin",0.126332256934236,0.472889411764706,NA
"Nutlin-3a (-) + Cisplatin",0.120595511966714,0.320453333333333,NA
"Nutlin-3a (-) + Crizotinib",-0.0190599364954117,0.892483921568627,NA
"Nutlin-3a (-) + Dabrafenib",0.0431511387093756,0.721646274509804,NA
"Nutlin-3a (-) + Docetaxel",-0.206021987233081,0.340861960784314,NA
"Nutlin-3a (-) + Doramapimod",0.0673073128991064,0.645130196078431,NA
"Nutlin-3a (-) + Entinostat",0.00558003824110258,0.980136470588235,NA
"Nutlin-3a (-) + Gemcitabine",-0.0188855780459665,0.902002352941176,NA
"Nutlin-3a (-) + GSK269962A",-0.0326923251005305,0.853475294117647,NA
"Nutlin-3a (-) + JQ1",0.0208688220727155,0.887731764705882,NA
"Nutlin-3a (-) + KU-55933",0.0422386507829915,0.726377254901961,NA
"Nutlin-3a (-) + Lapatinib",-0.0769905550245416,0.69515137254902,NA
"Nutlin-3a (-) + Linsitinib",0.0455323824532308,0.68336,NA
"Nutlin-3a (-) + Luminespib",-0.128768028875296,0.534290196078431,NA
"Nutlin-3a (-) + MK-1775",-0.0411563790039979,0.847940392156863,NA
"Nutlin-3a (-) + MK-2206",-0.24061803131379,0.182717647058824,NA
"Nutlin-3a (-) + Navitoclax",0.115728828873414,0.641235294117647,NA
"Nutlin-3a (-) + Nilotinib",0.258203745501888,0.443177254901961,NA
"Nutlin-3a (-) + NU7441",0.258162211423384,0.375156078431373,NA
"Nutlin-3a (-) + Olaparib",-0.149164603003671,0.219682352941176,NA
"Nutlin-3a (-) + OSI-027",-0.109087446276338,0.421282352941176,NA
"Nutlin-3a (-) + Paclitaxel",0.00409334470690797,0.984121568627451,NA
"Nutlin-3a (-) + Palbociclib",-0.0382309404058693,0.775174117647059,NA
"Nutlin-3a (-) + PD173074",-0.162646770280128,0.204644705882353,NA
"Nutlin-3a (-) + PF-4708671",0.0408561937772147,0.776777254901961,NA
"Nutlin-3a (-) + Pictilisib",-0.212939727049071,0.273251764705882,NA
"Nutlin-3a (-) + Ribociclib",-0.15320447868432,0.297409411764706,NA
"Nutlin-3a (-) + RO-3306",0.0279583128408816,0.829195294117647,NA
"Nutlin-3a (-) + Sapitinib",-0.212135317675011,0.223614117647059,NA
"Nutlin-3a (-) + SB216763",0.0794820238978243,0.508930196078431,NA
"Nutlin-3a (-) + SCH772984",0.0238268231304999,0.847156862745098,NA
"Nutlin-3a (-) + Sorafenib",0.0871358754070093,0.747714509803922,NA
"Nutlin-3a (-) + Taselisib",-0.0597961509489533,0.787774901960784,NA
"Nutlin-3a (-) + Temozolomide",-0.0230103801143299,0.78308862745098,NA
"Nutlin-3a (-) + Tozasertib",0.207702453701843,0.194617254901961,NA
"Nutlin-3a (-) + Trametinib",-0.0659575742321333,0.62226431372549,NA
"Nutlin-3a (-) + Uprosertib",0.0314510174073294,0.840105098039216,NA
"Nutlin-3a (-) + Venetoclax",-0.0137948197705524,0.920327843137255,NA
"Nutlin-3a (-) + Vorinostat",-0.132239273219342,0.632512156862745,NA
"Nutlin-3a (-) + Wee1 Inhibitor",-0.0252078799398627,0.902771764705882,NA
"Nutlin-3a (-) + ZM447439",0.0772221426935133,0.731085490196078,NA
"Olaparib + 5-Fluorouracil",-0.0424025071684003,0.777567058823529,NA
"Olaparib + Afatinib",-0.0605636098214512,0.814305098039216,NA
"Olaparib + Alisertib",0.061731703162429,0.63806431372549,NA
"Olaparib + Alpelisib",0.0221850300561758,0.886205490196078,NA
"Olaparib + Axitinib",-0.16007480271655,0.28024,NA
"Olaparib + AZD6482",0.0293465957472201,0.833833725490196,NA
"Olaparib + AZD7762",-0.0651053561564154,0.604161568627451,NA
"Olaparib + AZD8055",-0.0458070143423242,0.782327058823529,NA
"Olaparib + BI-2536",-0.042361843573334,0.844073725490196,NA
"Olaparib + Bortezomib",-0.0986721411661511,0.67100862745098,NA
"Olaparib + Camptothecin",0.300938411900173,0.0908250980392157,NA
"Olaparib + Cisplatin",0.106461252519101,0.37596,NA
"Olaparib + Crizotinib",-0.00193812123069561,0.991225098039216,NA
"Olaparib + Dabrafenib",0.0868106975821355,0.561792156862745,NA
"Olaparib + Docetaxel",-0.503966526613885,0.0164141176470588,NA
"Olaparib + Doramapimod",-0.0198730406582805,0.867491764705882,NA
"Olaparib + Entinostat",-0.0653961626407648,0.697530196078431,NA
"Olaparib + Gemcitabine",0.058405866647491,0.762689411764706,NA
"Olaparib + GSK269962A",0.0542785972236242,0.74689568627451,NA
"Olaparib + JQ1",-0.0698947410621341,0.643583529411765,NA
"Olaparib + KU-55933",-0.0558729167465612,0.58922431372549,NA
"Olaparib + Lapatinib",-0.0782314407267188,0.722454901960784,NA
"Olaparib + Linsitinib",0.120138413240502,0.376712156862745,NA
"Olaparib + Luminespib",-0.113928647211503,0.598658823529412,NA
"Olaparib + MK-1775",-0.118144511083472,0.582210196078431,NA
"Olaparib + MK-2206",-0.191974319898308,0.355774117647059,NA
"Olaparib + Navitoclax",0.0297877205987141,0.890829019607843,NA
"Olaparib + Nilotinib",-0.0396450903659662,0.8956,NA
"Olaparib + NU7441",0.137855201247464,0.585341960784314,NA
"Olaparib + Nutlin-3a (-)",-0.0536281588195042,0.619841568627451,NA
"Olaparib + OSI-027",-0.136463526087861,0.353418039215686,NA
"Olaparib + Paclitaxel",-0.269334392966022,0.183556862745098,NA
"Olaparib + Palbociclib",-0.0549327938228243,0.686457254901961,NA
"Olaparib + PD173074",-0.165248927964762,0.229901960784314,NA
"Olaparib + PF-4708671",-0.0499725653263682,0.731891764705882,NA
"Olaparib + Pictilisib",-0.173975082482551,0.340056470588235,NA
"Olaparib + Ribociclib",-0.10457642894662,0.513700392156863,NA
"Olaparib + RO-3306",0.0158042243536568,0.890084705882353,NA
"Olaparib + Sapitinib",-0.179353826643548,0.277940392156863,NA
"Olaparib + SB216763",0.00872703532924238,0.934637647058824,NA
"Olaparib + SCH772984",-0.015581732898843,0.900376470588235,NA
"Olaparib + Sorafenib",0.0918021937941988,0.710825098039216,NA
"Olaparib + Taselisib",-0.063170784250457,0.788563921568627,NA
"Olaparib + Temozolomide",0.0305740020599371,0.754722352941177,NA
"Olaparib + Tozasertib",0.0707632360908054,0.605716862745098,NA
"Olaparib + Trametinib",-0.0701655516112326,0.593981960784314,NA
"Olaparib + Uprosertib",-0.00314750831908027,0.982510588235294,NA
"Olaparib + Venetoclax",0.034733832934843,0.757982745098039,NA
"Olaparib + Vorinostat",-0.228838554586213,0.418155294117647,NA
"Olaparib + Wee1 Inhibitor",-0.140323261745309,0.483996078431373,NA
"Olaparib + ZM447439",0.0247075533546469,0.873687843137255,NA
"OSI-027 + 5-Fluorouracil",0.0211021675165399,0.906758431372549,NA
"OSI-027 + Afatinib",0.024051859851499,0.938578823529412,NA
"OSI-027 + Alisertib",0.0414607075709104,0.82058431372549,NA
"OSI-027 + Alpelisib",0.167538429917021,0.360470588235294,NA
"OSI-027 + Axitinib",-0.309938450659046,0.0400752941176471,NA
"OSI-027 + AZD6482",-0.0534868693022758,0.672577254901961,NA
"OSI-027 + AZD7762",-0.257835168079351,0.100109803921569,NA
"OSI-027 + AZD8055",-0.464968229088461,0.0148392156862745,NA
"OSI-027 + BI-2536",0.0722900978760906,0.746086274509804,NA
"OSI-027 + Bortezomib",-0.186849659850263,0.363543529411765,NA
"OSI-027 + Camptothecin",-0.0661301923556426,0.661594509803922,NA
"OSI-027 + Cisplatin",0.0213117239845767,0.815102745098039,NA
"OSI-027 + Crizotinib",-0.193756409785535,0.16556,NA
"OSI-027 + Dabrafenib",0.008211627972351,0.949609411764706,NA
"OSI-027 + Docetaxel",-0.261478166301479,0.142854117647059,NA
"OSI-027 + Doramapimod",-0.0999482275561278,0.433770196078431,NA
"OSI-027 + Entinostat",0.125346425472552,0.53736,NA
"OSI-027 + Gemcitabine",-0.110357787527118,0.429913725490196,NA
"OSI-027 + GSK269962A",-0.332977032192412,0.100917647058824,NA
"OSI-027 + JQ1",-0.166815467859868,0.263596862745098,NA
"OSI-027 + KU-55933",-0.0773093116524342,0.501858823529412,NA
"OSI-027 + Lapatinib",-0.0862147314387278,0.682563137254902,NA
"OSI-027 + Linsitinib",-0.0151049547713558,0.898005490196078,NA
"OSI-027 + Luminespib",-0.0595749835918801,0.752386666666667,NA
"OSI-027 + MK-1775",-0.135795862461719,0.451807058823529,NA
"OSI-027 + MK-2206",-0.00108753854250819,0.993554509803922,NA
"OSI-027 + Navitoclax",-0.0323188415627184,0.865926274509804,NA
"OSI-027 + Nilotinib",-0.137542407650979,0.653037647058824,NA
"OSI-027 + NU7441",0.121734050533941,0.595554509803922,NA
"OSI-027 + Nutlin-3a (-)",-0.0709783171885305,0.486400784313725,NA
"OSI-027 + Olaparib",-0.100501420230905,0.427470588235294,NA
"OSI-027 + Paclitaxel",-0.05592839592828,0.739057254901961,NA
"OSI-027 + Palbociclib",0.110601695288303,0.550943529411765,NA
"OSI-027 + PD173074",-0.01792724184681,0.875957647058824,NA
"OSI-027 + PF-4708671",-0.114311074835521,0.488705098039216,NA
"OSI-027 + Pictilisib",-0.192347391700476,0.288094117647059,NA
"OSI-027 + Ribociclib",-0.219700826897165,0.0790086274509804,NA
"OSI-027 + RO-3306",-0.161469988122449,0.259683137254902,NA
"OSI-027 + Sapitinib",0.107538390616037,0.538172549019608,NA
"OSI-027 + SB216763",-0.101401059996517,0.244021176470588,NA
"OSI-027 + SCH772984",-0.0827342690020823,0.512903529411765,NA
"OSI-027 + Sorafenib",-0.250522520079977,0.359667450980392,NA
"OSI-027 + Taselisib",-0.168744587350661,0.50572862745098,NA
"OSI-027 + Temozolomide",-0.0192753152469163,0.797154509803922,NA
"OSI-027 + Tozasertib",0.0593215981225689,0.623107450980392,NA
"OSI-027 + Trametinib",0.222268424441331,0.176479215686275,NA
"OSI-027 + Uprosertib",-0.100969145055361,0.574414901960784,NA
"OSI-027 + Venetoclax",0.0498427469357016,0.68724,NA
"OSI-027 + Vorinostat",0.146532792229648,0.615108235294118,NA
"OSI-027 + Wee1 Inhibitor",-0.098370658080817,0.603394509803922,NA
"OSI-027 + ZM447439",-0.192291870051238,0.276417254901961,NA
"Palbociclib + 5-Fluorouracil",-0.238207714254615,0.240083137254902,NA
"Palbociclib + Afatinib",-0.106711562976619,0.688847843137255,NA
"Palbociclib + Alisertib",-0.0276795422602835,0.865106666666667,NA
"Palbociclib + Alpelisib",-0.122457312304127,0.459637647058824,NA
"Palbociclib + Axitinib",-0.303382244615294,0.0962094117647059,NA
"Palbociclib + AZD6482",-0.161150403633686,0.319661960784314,NA
"Palbociclib + AZD7762",-0.577098346856656,0.0188290196078431,NA
"Palbociclib + AZD8055",-0.219168765353812,0.302073725490196,NA
"Palbociclib + BI-2536",0.0891931852684079,0.737486274509804,NA
"Palbociclib + Bortezomib",-0.23856902912106,0.300503529411765,NA
"Palbociclib + Camptothecin",-0.555510147113678,0.0086321568627451,NA
"Palbociclib + Cisplatin",-0.0972565313403581,0.442389803921569,NA
"Palbociclib + Crizotinib",-0.252275976767822,0.125799215686275,NA
"Palbociclib + Dabrafenib",0.0994790599956948,0.547005490196078,NA
"Palbociclib + Docetaxel",-1,0.00153490196078431,NA
"Palbociclib + Doramapimod",-0.020842994351249,0.898792941176471,NA
"Palbociclib + Entinostat",-0.146772206431458,0.491810196078431,NA
"Palbociclib + Gemcitabine",-0.342546955905489,0.0665725490196078,NA
"Palbociclib + GSK269962A",-0.238986196468668,0.178814117647059,NA
"Palbociclib + JQ1",-0.258851865967543,0.162458039215686,NA
"Palbociclib + KU-55933",0.0365686636833407,0.806570980392157,NA
"Palbociclib + Lapatinib",-0.182387864727392,0.415841568627451,NA
"Palbociclib + Linsitinib",-0.0681171785556394,0.614305098039216,NA
"Palbociclib + Luminespib",-0.0930009028052055,0.64834431372549,NA
"Palbociclib + MK-1775",-0.388039757174325,0.0689113725490196,NA
"Palbociclib + MK-2206",-0.308981076597042,0.193854117647059,NA
"Palbociclib + Navitoclax",-0.211156802498689,0.415089411764706,NA
"Palbociclib + Nilotinib",0.0770622866889305,0.793233725490196,NA
"Palbociclib + NU7441",0.248431727080303,0.364316078431373,NA
"Palbociclib + Nutlin-3a (-)",-0.177883948519335,0.181178039215686,NA
"Palbociclib + Olaparib",-0.0398814327245202,0.803523921568627,NA
"Palbociclib + OSI-027",-0.138840340468536,0.436858823529412,NA
"Palbociclib + Paclitaxel",-0.569989121003563,0.0258564705882353,NA
"Palbociclib + PD173074",-0.0564018907247149,0.736712156862745,NA
"Palbociclib + PF-4708671",0.0764821465537765,0.689633725490196,NA
"Palbociclib + Pictilisib",-0.333060098100411,0.119578039215686,NA
"Palbociclib + Ribociclib",-0.250412399838195,0.146750588235294,NA
"Palbociclib + RO-3306",-0.186001878817853,0.206178039215686,NA
"Palbociclib + Sapitinib",-0.144772904213128,0.411934901960784,NA
"Palbociclib + SB216763",-0.0383957156316138,0.735123137254902,NA
"Palbociclib + SCH772984",-0.188241673624787,0.312553725490196,NA
"Palbociclib + Sorafenib",-0.15541973989657,0.564908235294118,NA
"Palbociclib + Taselisib",-0.339125393804395,0.233043921568627,NA
"Palbociclib + Temozolomide",-0.0210225037089978,0.85111137254902,NA
"Palbociclib + Tozasertib",-0.0259754669962896,0.832327843137255,NA
"Palbociclib + Trametinib",-0.000402766662515383,0.996723921568627,NA
"Palbociclib + Uprosertib",0.0158861650371385,0.935411764705882,NA
"Palbociclib + Venetoclax",0.0602309633582438,0.67951137254902,NA
"Palbociclib + Vorinostat",-0.302164483182537,0.298177254901961,NA
"Palbociclib + Wee1 Inhibitor",-0.165554454057096,0.42666431372549,NA
"Palbociclib + ZM447439",-0.224213839249229,0.210854117647059,NA
"PD173074 + 5-Fluorouracil",-0.122016049967627,0.480110588235294,NA
"PD173074 + Afatinib",0.0947891352350876,0.720058039215686,NA
"PD173074 + Alisertib",0.0573099548949167,0.761118431372549,NA
"PD173074 + Alpelisib",-0.0358929003406121,0.826032941176471,NA
"PD173074 + Axitinib",-0.127472589874968,0.424334901960784,NA
"PD173074 + AZD6482",-0.00794209661472394,0.955153725490196,NA
"PD173074 + AZD7762",-0.183462363552534,0.227541176470588,NA
"PD173074 + AZD8055",-0.121296413347756,0.588412549019608,NA
"PD173074 + BI-2536",0.438968170741104,0.163256470588235,NA
"PD173074 + Bortezomib",-0.0413422611942842,0.869025098039216,NA
"PD173074 + Camptothecin",-0.138151202426779,0.385377254901961,NA
"PD173074 + Cisplatin",0.00157425450202445,0.988897254901961,NA
"PD173074 + Crizotinib",0.0771941536073125,0.64994431372549,NA
"PD173074 + Dabrafenib",0.0605306433385778,0.616685490196078,NA
"PD173074 + Docetaxel",-0.380472629544257,0.0595717647058824,NA
"PD173074 + Doramapimod",0.0312905374009499,0.834610196078431,NA
"PD173074 + Entinostat",-0.000743700878183021,0.99434431372549,NA
"PD173074 + Gemcitabine",-0.118277414612371,0.480865882352941,NA
"PD173074 + GSK269962A",-0.0236714352305002,0.883770196078431,NA
"PD173074 + JQ1",-0.0265451050864087,0.879938039215686,NA
"PD173074 + KU-55933",0.00799265493835519,0.952012549019608,NA
"PD173074 + Lapatinib",0.0143360158238615,0.944010196078431,NA
"PD173074 + Linsitinib",-0.0556489648348443,0.681059607843137,NA
"PD173074 + Luminespib",-0.00370280866928492,0.984938823529412,NA
"PD173074 + MK-1775",-0.0530691677210764,0.76661568627451,NA
"PD173074 + MK-2206",-0.206447064313208,0.333036078431373,NA
"PD173074 + Navitoclax",-0.0212201999570695,0.933844705882353,NA
"PD173074 + Nilotinib",0.22193402710378,0.430683921568627,NA
"PD173074 + NU7441",0.163875008250271,0.397702745098039,NA
"PD173074 + Nutlin-3a (-)",-0.0167322530529279,0.897230588235294,NA
"PD173074 + Olaparib",-0.106681810040897,0.452579607843137,NA
"PD173074 + OSI-027",-0.167385017152172,0.325966274509804,NA
"PD173074 + Paclitaxel",-0.228874735824615,0.315685490196078,NA
"PD173074 + Palbociclib",0.0307483344310811,0.837042352941176,NA
"PD173074 + PF-4708671",0.0632175641312653,0.706795294117647,NA
"PD173074 + Pictilisib",-0.219639199052032,0.258870588235294,NA
"PD173074 + Ribociclib",-0.1723893038215,0.403256470588235,NA
"PD173074 + RO-3306",-0.0850241091477662,0.557133333333333,NA
"PD173074 + Sapitinib",-0.0648184646685578,0.703727843137255,NA
"PD173074 + SB216763",-0.0465493210779367,0.640437647058824,NA
"PD173074 + SCH772984",-0.0779389030042437,0.662367058823529,NA
"PD173074 + Sorafenib",0.0072675701020567,0.977742745098039,NA
"PD173074 + Taselisib",-0.173658054677975,0.496450980392157,NA
"PD173074 + Temozolomide",-0.0163933326784197,0.856570980392157,NA
"PD173074 + Tozasertib",0.137142944180036,0.380640784313725,NA
"PD173074 + Trametinib",0.00465760012193028,0.976961568627451,NA
"PD173074 + Uprosertib",0.0443174228816555,0.780741960784314,NA
"PD173074 + Venetoclax",0.0866555514161843,0.547778823529412,NA
"PD173074 + Vorinostat",-0.0515931739007557,0.837763137254902,NA
"PD173074 + Wee1 Inhibitor",0.031540759553682,0.857310588235294,NA
"PD173074 + ZM447439",0.153202841077846,0.476165490196078,NA
"Pictilisib + 5-Fluorouracil",0.121149902386934,0.559441568627451,NA
"Pictilisib + Afatinib",0.00372616713463314,0.990490196078431,NA
"Pictilisib + Alisertib",0.236507690624199,0.336181960784314,NA
"Pictilisib + Alpelisib",-0.101088600057324,0.52628862745098,NA
"Pictilisib + Axitinib",-0.287589880786638,0.0782682352941177,NA
"Pictilisib + AZD6482",-0.0788338350615141,0.645962352941176,NA
"Pictilisib + AZD7762",-0.034968761695668,0.811185882352941,NA
"Pictilisib + AZD8055",0.0941323328400394,0.701409411764706,NA
"Pictilisib + BI-2536",0.502580355549832,0.105603921568627,NA
"Pictilisib + Bortezomib",-0.109414261962461,0.581438431372549,NA
"Pictilisib + Camptothecin",0.0134739025609689,0.932265098039216,NA
"Pictilisib + Cisplatin",-0.00667215804413502,0.953603137254902,NA
"Pictilisib + Crizotinib",-0.108089938804687,0.446278431372549,NA
"Pictilisib + Dabrafenib",0.0872003512074582,0.64673568627451,NA
"Pictilisib + Docetaxel",-0.208750652362778,0.254124705882353,NA
"Pictilisib + Doramapimod",0.0863752233559947,0.583790588235294,NA
"Pictilisib + Entinostat",0.439534577184303,0.0634360784313726,NA
"Pictilisib + Gemcitabine",-0.0378859881520879,0.779163921568627,NA
"Pictilisib + GSK269962A",-0.0618695769785029,0.692851764705882,NA
"Pictilisib + JQ1",0.277601712781499,0.193079215686275,NA
"Pictilisib + KU-55933",0.0789198934476672,0.675601568627451,NA
"Pictilisib + Lapatinib",-0.150259413293073,0.461200784313725,NA
"Pictilisib + Linsitinib",0.0482555907885739,0.72712862745098,NA
"Pictilisib + Luminespib",-0.125648070256124,0.520036078431373,NA
"Pictilisib + MK-1775",-0.00245107486215537,0.987309019607843,NA
"Pictilisib + MK-2206",-0.443613306395176,0.103976470588235,NA
"Pictilisib + Navitoclax",0.0986741649624079,0.613482352941176,NA
"Pictilisib + Nilotinib",0.202037398708489,0.392360784313726,NA
"Pictilisib + NU7441",0.39086885524692,0.111847843137255,NA
"Pictilisib + Nutlin-3a (-)",-0.0750233372890535,0.523887058823529,NA
"Pictilisib + Olaparib",0.0347882470284384,0.824475294117647,NA
"Pictilisib + OSI-027",0.13676140178551,0.466689411764706,NA
"Pictilisib + Paclitaxel",0.185234369416094,0.400821960784314,NA
"Pictilisib + Palbociclib",0.137127816560929,0.511314509803922,NA
"Pictilisib + PD173074",0.239168920829845,0.236937254901961,NA
"Pictilisib + PF-4708671",0.235590001997565,0.308537254901961,NA
"Pictilisib + Ribociclib",-0.0815963286270249,0.633320784313726,NA
"Pictilisib + RO-3306",0.0622076634818261,0.660847058823529,NA
"Pictilisib + Sapitinib",0.119555818055726,0.53036862745098,NA
"Pictilisib + SB216763",-0.0286814161667392,0.796369411764706,NA
"Pictilisib + SCH772984",0.165011049554098,0.35028862745098,NA
"Pictilisib + Sorafenib",-0.105436483211898,0.650701960784314,NA
"Pictilisib + Taselisib",-0.62044795750656,0.0226737254901961,NA
"Pictilisib + Temozolomide",-0.0156834281178616,0.874442352941176,NA
"Pictilisib + Tozasertib",0.0924181344805305,0.555630588235294,NA
"Pictilisib + Trametinib",0.18346217131386,0.304516078431373,NA
"Pictilisib + Uprosertib",-0.075095049896674,0.652262745098039,NA
"Pictilisib + Venetoclax",0.205549503027133,0.280979607843137,NA
"Pictilisib + Vorinostat",0.297893068038072,0.257325490196078,NA
"Pictilisib + Wee1 Inhibitor",0.068591883269314,0.663159215686275,NA
"Pictilisib + ZM447439",0.208510579696941,0.305294901960784,NA
"Sapitinib + 5-Fluorouracil",0.0179501782046982,0.903562352941176,NA
"Sapitinib + Afatinib",-0.471252784444729,0.0626094117647059,NA
"Sapitinib + Alisertib",0.326225347346613,0.174186666666667,NA
"Sapitinib + Alpelisib",0.178673991521697,0.237697254901961,NA
"Sapitinib + Axitinib",-0.0360596439811768,0.781532549019608,NA
"Sapitinib + AZD6482",0.264219312103768,0.138903529411765,NA
"Sapitinib + AZD7762",-0.179704364128264,0.199301960784314,NA
"Sapitinib + AZD8055",0.0835803051795156,0.66548,NA
"Sapitinib + BI-2536",0.457689521366533,0.0502847058823529,NA
"Sapitinib + Bortezomib",-0.209378324477845,0.186730980392157,NA
"Sapitinib + Camptothecin",0.019059700067522,0.872889411764706,NA
"Sapitinib + Cisplatin",0.100565996840248,0.390825882352941,NA
"Sapitinib + Crizotinib",0.238227131605153,0.129644705882353,NA
"Sapitinib + Dabrafenib",0.0885528793844942,0.535096470588235,NA
"Sapitinib + Docetaxel",-0.179765789048584,0.228345098039216,NA
"Sapitinib + Doramapimod",0.167325825232024,0.301283921568627,NA
"Sapitinib + Entinostat",0.367508373542668,0.0533701960784314,NA
"Sapitinib + Gemcitabine",-0.0146775399539401,0.923432156862745,NA
"Sapitinib + GSK269962A",-0.0555007640362066,0.678726274509804,NA
"Sapitinib + JQ1",0.582416519085935,0.0234988235294118,NA
"Sapitinib + KU-55933",0.0826058890563151,0.549398431372549,NA
"Sapitinib + Lapatinib",-0.394219262045989,0.0525866666666667,NA
"Sapitinib + Linsitinib",0.19248018238028,0.190687843137255,NA
"Sapitinib + Luminespib",-0.254798789639941,0.233839215686274,NA
"Sapitinib + MK-1775",-0.160197213950975,0.295073725490196,NA
"Sapitinib + MK-2206",-0.0326789237389918,0.854211764705882,NA
"Sapitinib + Navitoclax",0.510749366151691,0.0408823529411765,NA
"Sapitinib + Nilotinib",0.0977136717311518,0.61029568627451,NA
"Sapitinib + NU7441",0.551933390440253,0.0337827450980392,NA
"Sapitinib + Nutlin-3a (-)",0.0418431017903605,0.696738039215686,NA
"Sapitinib + Olaparib",-0.000278573212194658,0.997538823529412,NA
"Sapitinib + OSI-027",0.00953429101116582,0.94807137254902,NA
"Sapitinib + Paclitaxel",0.0659550222928004,0.713114509803922,NA
"Sapitinib + Palbociclib",0.115744975623403,0.495698039215686,NA
"Sapitinib + PD173074",0.0534908736840648,0.702966274509804,NA
"Sapitinib + PF-4708671",0.0539343907438943,0.715465098039216,NA
"Sapitinib + Pictilisib",-0.0640587665247289,0.668632941176471,NA
"Sapitinib + Ribociclib",0.0639463926442594,0.707629803921569,NA
"Sapitinib + RO-3306",-0.0214489555251772,0.879130980392157,NA
"Sapitinib + SB216763",-0.0150847986151053,0.881509019607843,NA
"Sapitinib + SCH772984",0.24080381665776,0.187550588235294,NA
"Sapitinib + Sorafenib",-0.135904748604175,0.422043921568627,NA
"Sapitinib + Taselisib",-0.144503517483574,0.438410196078431,NA
"Sapitinib + Temozolomide",0.0318162619185618,0.769767058823529,NA
"Sapitinib + Tozasertib",0.170019564036399,0.277174117647059,NA
"Sapitinib + Trametinib",0.0260885989012871,0.859636078431373,NA
"Sapitinib + Uprosertib",0.19269623866854,0.266069803921569,NA
"Sapitinib + Venetoclax",0.172677225490446,0.318085490196078,NA
"Sapitinib + Vorinostat",0.311586999017132,0.180414901960784,NA
"Sapitinib + Wee1 Inhibitor",-0.0728011583321637,0.636513725490196,NA
"Sapitinib + ZM447439",0.209527726442476,0.18914431372549,NA
"Taselisib + 5-Fluorouracil",0.0708454520289317,0.642010196078431,NA
"Taselisib + Afatinib",-0.18752489524916,0.451043921568627,NA
"Taselisib + Alisertib",0.160981911091559,0.369646274509804,NA
"Taselisib + Alpelisib",-0.363847762493284,0.0392949019607843,NA
"Taselisib + Axitinib",-0.144153175315726,0.23224,NA
"Taselisib + AZD6482",-0.0340251023297178,0.828364705882353,NA
"Taselisib + AZD7762",-0.10493147287596,0.410416470588235,NA
"Taselisib + AZD8055",0.010407254346371,0.95122431372549,NA
"Taselisib + BI-2536",0.257024235889261,0.17027137254902,NA
"Taselisib + Bortezomib",-0.184708543038562,0.271625882352941,NA
"Taselisib + Camptothecin",0.0158217798170933,0.905992156862745,NA
"Taselisib + Cisplatin",0.0710429490640236,0.50658431372549,NA
"Taselisib + Crizotinib",0.0309837413883445,0.798745882352941,NA
"Taselisib + Dabrafenib",0.0472549393922221,0.744540392156863,NA
"Taselisib + Docetaxel",-0.242656176326455,0.118076078431373,NA
"Taselisib + Doramapimod",0.148427594142306,0.358123137254902,NA
"Taselisib + Entinostat",0.352856028022867,0.0742807843137255,NA
"Taselisib + Gemcitabine",0.00194709949283553,0.98971137254902,NA
"Taselisib + GSK269962A",-0.123552929396264,0.465876078431373,NA
"Taselisib + JQ1",0.266147577154723,0.143643921568627,NA
"Taselisib + KU-55933",0.0209369621667753,0.871330196078431,NA
"Taselisib + Lapatinib",-0.192375767353844,0.330734901960784,NA
"Taselisib + Linsitinib",0.102589807943172,0.425105882352941,NA
"Taselisib + Luminespib",-0.266650713192164,0.158519215686275,NA
"Taselisib + MK-1775",-0.151878807607354,0.289620392156863,NA
"Taselisib + MK-2206",-0.517783146446788,0.0219105882352941,NA
"Taselisib + Navitoclax",0.341090625480433,0.114940392156863,NA
"Taselisib + Nilotinib",0.0847817499779581,0.711589019607843,NA
"Taselisib + NU7441",0.381109753229744,0.116510588235294,NA
"Taselisib + Nutlin-3a (-)",-0.0167851818354728,0.850337254901961,NA
"Taselisib + Olaparib",-0.0132138214372444,0.92746431372549,NA
"Taselisib + OSI-027",0.027832466190565,0.845629803921569,NA
"Taselisib + Paclitaxel",0.0954292772944279,0.544557647058823,NA
"Taselisib + Palbociclib",0.15046724559396,0.348667450980392,NA
"Taselisib + PD173074",0.0427614408242842,0.750832156862745,NA
"Taselisib + PF-4708671",0.00561107535812793,0.966846274509804,NA
"Taselisib + Pictilisib",-0.651786910569549,0.00389725490196078,NA
"Taselisib + Ribociclib",-0.0374124251442101,0.784666666666667,NA
"Taselisib + RO-3306",0.0623035429292338,0.617501960784314,NA
"Taselisib + Sapitinib",-0.0869933046420143,0.597889411764706,NA
"Taselisib + SB216763",-0.0700904635401144,0.471355294117647,NA
"Taselisib + SCH772984",0.371957088412173,0.0603474509803922,NA
"Taselisib + Sorafenib",-0.22436437248524,0.241622745098039,NA
"Taselisib + Temozolomide",0.0204860709233719,0.816629019607843,NA
"Taselisib + Tozasertib",0.104170203709277,0.441601568627451,NA
"Taselisib + Trametinib",0.243127589395375,0.160099607843137,NA
"Taselisib + Uprosertib",-0.196013795701875,0.256552156862745,NA
"Taselisib + Venetoclax",0.141608550555367,0.391578823529412,NA
"Taselisib + Vorinostat",0.167781449326464,0.443929411764706,NA
"Taselisib + Wee1 Inhibitor",-0.0914237409371304,0.567362352941176,NA
"Taselisib + ZM447439",0.224637339268274,0.152280784313725,NA
"Temozolomide + 5-Fluorouracil",0.0743018595179382,0.671810196078431,NA
"Temozolomide + Afatinib",-0.0102289915505619,0.967625882352941,NA
"Temozolomide + Alisertib",0.062519438998098,0.723962352941177,NA
"Temozolomide + Alpelisib",-0.00871454560478163,0.956681568627451,NA
"Temozolomide + Axitinib",-0.0754063067719848,0.64756862745098,NA
"Temozolomide + AZD6482",0.0608424665757872,0.68491137254902,NA
"Temozolomide + AZD7762",-0.0854791377038365,0.593157647058824,NA
"Temozolomide + AZD8055",-0.123957276328643,0.487153725490196,NA
"Temozolomide + BI-2536",-0.0705665464370139,0.76738431372549,NA
"Temozolomide + Bortezomib",-0.0515621630255719,0.821348235294118,NA
"Temozolomide + Camptothecin",0.0963515366529533,0.607250980392157,NA
"Temozolomide + Cisplatin",0.0993465386791844,0.470571764705882,NA
"Temozolomide + Crizotinib",0.00344139409338473,0.981714509803922,NA
"Temozolomide + Dabrafenib",0.127607786964261,0.432995294117647,NA
"Temozolomide + Docetaxel",-0.19555790533284,0.33536862745098,NA
"Temozolomide + Doramapimod",-0.0146067065281295,0.929033725490196,NA
"Temozolomide + Entinostat",0.0479501242262199,0.812722352941176,NA
"Temozolomide + Gemcitabine",0.0701636268803452,0.757178039215686,NA
"Temozolomide + GSK269962A",-0.082288472100731,0.631810980392157,NA
"Temozolomide + JQ1",-0.00606158368682662,0.973060392156863,NA
"Temozolomide + KU-55933",-0.18076963684701,0.118819607843137,NA
"Temozolomide + Lapatinib",-0.0505255457686634,0.804338823529412,NA
"Temozolomide + Linsitinib",0.121056188914435,0.408022745098039,NA
"Temozolomide + Luminespib",-0.0769360234908993,0.741423529411765,NA
"Temozolomide + MK-1775",-0.110943129530544,0.615894117647059,NA
"Temozolomide + MK-2206",-0.228723437445395,0.318887843137255,NA
"Temozolomide + Navitoclax",-0.0207562245867542,0.936213333333333,NA
"Temozolomide + Nilotinib",-0.2015957991984,0.509731764705882,NA
"Temozolomide + NU7441",-0.0147410946784969,0.954377254901961,NA
"Temozolomide + Nutlin-3a (-)",-0.0670495031371973,0.620649411764706,NA
"Temozolomide + Olaparib",-0.0165096513719349,0.89957568627451,NA
"Temozolomide + OSI-027",-0.117939861483004,0.429090980392157,NA
"Temozolomide + Paclitaxel",-0.111158958419952,0.573663529411765,NA
"Temozolomide + Palbociclib",-0.00801479769968572,0.957479215686274,NA
"Temozolomide + PD173074",-0.0809867275650353,0.562603137254902,NA
"Temozolomide + PF-4708671",-0.115912384954158,0.402446274509804,NA
"Temozolomide + Pictilisib",-0.0672366528620375,0.725557647058824,NA
"Temozolomide + Ribociclib",-0.0713562099895892,0.694366274509804,NA
"Temozolomide + RO-3306",0.0681035299192282,0.624691764705882,NA
"Temozolomide + Sapitinib",-0.149391549542743,0.378245490196078,NA
"Temozolomide + SB216763",-0.0424281619499497,0.677941960784314,NA
"Temozolomide + SCH772984",-0.0744199350070056,0.625525490196078,NA
"Temozolomide + Sorafenib",-0.0022962225942999,0.992748235294118,NA
"Temozolomide + Taselisib",-0.0241220249653479,0.925863529411765,NA
"Temozolomide + Tozasertib",0.0785017561484002,0.539014117647059,NA
"Temozolomide + Trametinib",-0.033856384251503,0.833060392156863,NA
"Temozolomide + Uprosertib",0.0289819187895709,0.860459607843137,NA
"Temozolomide + Venetoclax",-0.0320489664686318,0.765845490196078,NA
"Temozolomide + Vorinostat",-0.0997378881472561,0.695949803921569,NA
"Temozolomide + Wee1 Inhibitor",-0.151745118161253,0.454171764705882,NA
"Temozolomide + ZM447439",-0.0111942301359117,0.946452549019608,NA
"Trametinib + 5-Fluorouracil",0.0393253623934265,0.801145882352941,NA
"Trametinib + Afatinib",0.0380237995014573,0.862781960784314,NA
"Trametinib + Alisertib",0.115212197199485,0.548590588235294,NA
"Trametinib + Alpelisib",0.193874527630692,0.329141960784314,NA
"Trametinib + Axitinib",0.0094229083411647,0.948841568627451,NA
"Trametinib + AZD6482",0.262973209700523,0.111085490196078,NA
"Trametinib + AZD7762",-0.206233661798288,0.167897254901961,NA
"Trametinib + AZD8055",-0.0699034823644212,0.673302745098039,NA
"Trametinib + BI-2536",0.0962492125168147,0.712341960784314,NA
"Trametinib + Bortezomib",-0.0649275129607796,0.786267450980392,NA
"Trametinib + Camptothecin",0.162780096428719,0.413555294117647,NA
"Trametinib + Cisplatin",0.189186131537681,0.198506666666667,NA
"Trametinib + Crizotinib",0.108794650736233,0.512098039215686,NA
"Trametinib + Dabrafenib",0.0443677602262386,0.728723921568627,NA
"Trametinib + Docetaxel",-0.245639477216284,0.231496470588235,NA
"Trametinib + Doramapimod",0.194618045967667,0.250307450980392,NA
"Trametinib + Entinostat",0.299315160494668,0.225963921568627,NA
"Trametinib + Gemcitabine",0.0416269708540297,0.801938039215686,NA
"Trametinib + GSK269962A",0.0238704017089953,0.884612549019608,NA
"Trametinib + JQ1",0.256169071233665,0.128917647058824,NA
"Trametinib + KU-55933",-0.128865022655221,0.236125490196078,NA
"Trametinib + Lapatinib",-0.0121355100395541,0.955869803921569,NA
"Trametinib + Linsitinib",0.203031707714556,0.172632156862745,NA
"Trametinib + Luminespib",-0.0925570357715692,0.651458039215686,NA
"Trametinib + MK-1775",-0.225710560435019,0.349476078431373,NA
"Trametinib + MK-2206",0.252823080311855,0.191498823529412,NA
"Trametinib + Navitoclax",0.218492984653196,0.386156078431373,NA
"Trametinib + Nilotinib",-0.173427919853816,0.477780392156863,NA
"Trametinib + NU7441",0.136434166329891,0.618247843137255,NA
"Trametinib + Nutlin-3a (-)",0.0886911959854611,0.472122352941176,NA
"Trametinib + Olaparib",-0.148171168140783,0.248729411764706,NA
"Trametinib + OSI-027",-0.0976494977164303,0.502645490196078,NA
"Trametinib + Paclitaxel",-0.200887609679005,0.306138823529412,NA
"Trametinib + Palbociclib",-0.0305324501694743,0.81588862745098,NA
"Trametinib + PD173074",-0.139569475567841,0.255747450980392,NA
"Trametinib + PF-4708671",-0.196642734374515,0.181955294117647,NA
"Trametinib + Pictilisib",0.23611131802665,0.23069568627451,NA
"Trametinib + Ribociclib",-0.0687200904087252,0.709194509803922,NA
"Trametinib + RO-3306",0.0865376132676104,0.569766274509804,NA
"Trametinib + Sapitinib",-0.199394351812976,0.268401568627451,NA
"Trametinib + SB216763",0.134003506636691,0.324353725490196,NA
"Trametinib + SCH772984",0.0571084174517545,0.727945098039216,NA
"Trametinib + Sorafenib",0.109937589068176,0.642789803921569,NA
"Trametinib + Taselisib",0.251843930909916,0.290401568627451,NA
"Trametinib + Temozolomide",0.0199494053087129,0.870538823529412,NA
"Trametinib + Tozasertib",0.193856077649321,0.249474509803922,NA
"Trametinib + Uprosertib",0.365232968115282,0.0657694117647059,NA
"Trametinib + Venetoclax",-0.0143618521917803,0.912377254901961,NA
"Trametinib + Vorinostat",0.169573950024252,0.611899607843137,NA
"Trametinib + Wee1 Inhibitor",-0.150923250546714,0.445490196078431,NA
"Trametinib + ZM447439",0.18184655676082,0.313323921568627,NA
"Vorinostat + 5-Fluorouracil",0.0671306952771226,0.674115294117647,NA
"Vorinostat + Afatinib",0.185717242329976,0.543758431372549,NA
"Vorinostat + Alisertib",0.109009471854562,0.527108235294118,NA
"Vorinostat + Alpelisib",0.234476647153268,0.196213333333333,NA
"Vorinostat + Axitinib",-0.0996827203837211,0.520790588235294,NA
"Vorinostat + AZD6482",0.330282986382508,0.107130196078431,NA
"Vorinostat + AZD7762",-0.15337334476391,0.284087058823529,NA
"Vorinostat + AZD8055",0.107960962306937,0.576752941176471,NA
"Vorinostat + BI-2536",0.451449590678559,0.131985098039216,NA
"Vorinostat + Bortezomib",0.0694457266630173,0.760355294117647,NA
"Vorinostat + Camptothecin",0.199289681311743,0.329967843137255,NA
"Vorinostat + Cisplatin",0.229452168496495,0.130432941176471,NA
"Vorinostat + Crizotinib",0.0376481386850184,0.80274431372549,NA
"Vorinostat + Dabrafenib",0.100721116402786,0.475374117647059,NA
"Vorinostat + Docetaxel",-0.282226443678802,0.149112941176471,NA
"Vorinostat + Doramapimod",0.256246987674048,0.235337254901961,NA
"Vorinostat + Entinostat",0.164149213559252,0.351856470588235,NA
"Vorinostat + Gemcitabine",0.000226325327484463,0.998349019607843,NA
"Vorinostat + GSK269962A",0.238392497893778,0.212425098039216,NA
"Vorinostat + JQ1",0.731424277918896,0.0171976470588235,"Vorinostat + JQ1"
"Vorinostat + KU-55933",0.0671258581927719,0.619062745098039,NA
"Vorinostat + Lapatinib",0.147559583331085,0.436090980392157,NA
"Vorinostat + Linsitinib",0.167704488068956,0.31488862745098,NA
"Vorinostat + Luminespib",-0.0621548725108131,0.758802352941176,NA
"Vorinostat + MK-1775",0.00688739737967661,0.964445490196078,NA
"Vorinostat + MK-2206",-0.165131128597116,0.440779607843137,NA
"Vorinostat + Navitoclax",0.23540586042553,0.253361568627451,NA
"Vorinostat + Nilotinib",-0.0218295110997564,0.933050196078431,NA
"Vorinostat + NU7441",0.47513661886287,0.0969835294117647,NA
"Vorinostat + Nutlin-3a (-)",0.0105726169422188,0.936965490196078,NA
"Vorinostat + Olaparib",-0.0428186133854675,0.749258823529412,NA
"Vorinostat + OSI-027",-0.0595984873546059,0.649133333333333,NA
"Vorinostat + Paclitaxel",-0.154263994399579,0.448661176470588,NA
"Vorinostat + Palbociclib",-0.0302041365244582,0.829949019607843,NA
"Vorinostat + PD173074",-0.114771350539517,0.388476078431373,NA
"Vorinostat + PF-4708671",-0.0230227895721902,0.889272156862745,NA
"Vorinostat + Pictilisib",0.0363531860083723,0.823700392156863,NA
"Vorinostat + Ribociclib",-0.0938959902284959,0.601832156862745,NA
"Vorinostat + RO-3306",0.0509575768117504,0.751607058823529,NA
"Vorinostat + Sapitinib",0.116551574727298,0.550147450980392,NA
"Vorinostat + SB216763",0.159978819671403,0.306923137254902,NA
"Vorinostat + SCH772984",0.394345710525238,0.104790588235294,NA
"Vorinostat + Sorafenib",0.0851450117932582,0.716232941176471,NA
"Vorinostat + Taselisib",8.05635746310543e-05,1,NA
"Vorinostat + Temozolomide",0.0306732862366814,0.805841568627451,NA
"Vorinostat + Tozasertib",0.320675127287572,0.154572549019608,NA
"Vorinostat + Trametinib",0.160930272085949,0.367339607843137,NA
"Vorinostat + Uprosertib",0.0869513046723818,0.584534117647059,NA
"Vorinostat + Venetoclax",0.0829876373309939,0.586155294117647,NA
"Vorinostat + Wee1 Inhibitor",0.0690366077406723,0.681825098039216,NA
"Vorinostat + ZM447439",0.240872661719205,0.244807843137255,NA
